context,estimator,k,n_draws,M0_median,M0_lo,M0_hi,M1_median,M1_lo,M1_hi,M2_median,M2_lo,M2_hi,M3_median,M3_lo,M3_hi,M4_median,M4_lo,M4_hi,M1r_median,M1r_lo,M1r_hi,M3r_median,M3r_lo,M3r_hi
HCT116,E0,0,5,-0.3379067682129677,-0.37378699645125407,-0.29374577542335084,-0.2839113586119393,-0.335444187866798,-0.25412697369265524,-0.7822199617335717,-0.8838131545098956,-0.6853832032302514,0.0,-1.9984014443252818e-16,0.0,0.0,0.0,0.0,0.2061537200659555,0.20280783324636953,0.2108624080908906,0.0,0.0,0.0
HCT116,E0,1,200,-0.3379067682129677,-0.3739491890187036,-0.2896924611596723,-0.2839113586119393,-0.3357637558485682,-0.2527921353528364,-0.7822199617335717,-0.8852532006988576,-0.6841987140673704,0.0,-2.220446049250313e-16,0.0,0.0,0.0,0.0,0.2061537200659555,0.2025145382506228,0.2111986933065623,0.0,0.0,0.0
HCT116,E0,2,200,-0.3379067682129677,-0.3739491890187036,-0.2896924611596723,-0.2839113586119393,-0.3357637558485682,-0.2527921353528364,-0.7822199617335717,-0.8852532006988576,-0.6841987140673704,0.0,-2.220446049250313e-16,0.0,0.0,0.0,0.0,0.2061537200659555,0.2025145382506228,0.2111986933065623,0.0,0.0,0.0
HCT116,E0,5,200,-0.3379067682129677,-0.3739491890187036,-0.2896924611596723,-0.2839113586119393,-0.3357637558485682,-0.2527921353528364,-0.7822199617335717,-0.8852532006988576,-0.6841987140673704,0.0,-2.220446049250313e-16,0.0,0.0,0.0,0.0,0.2061537200659555,0.2025145382506228,0.2111986933065623,0.0,0.0,0.0
HCT116,E0,10,200,-0.3379067682129677,-0.3739491890187036,-0.2896924611596723,-0.2839113586119393,-0.3357637558485682,-0.2527921353528364,-0.7822199617335717,-0.8852532006988576,-0.6841987140673704,0.0,-2.220446049250313e-16,0.0,0.0,0.0,0.0,0.2061537200659555,0.2025145382506228,0.2111986933065623,0.0,0.0,0.0
HCT116,E0,20,200,-0.3379067682129677,-0.3739491890187036,-0.2896924611596723,-0.2839113586119393,-0.3357637558485682,-0.2527921353528364,-0.7822199617335717,-0.8852532006988576,-0.6841987140673704,0.0,-2.220446049250313e-16,0.0,0.0,0.0,0.0,0.2061537200659555,0.2025145382506228,0.2111986933065623,0.0,0.0,0.0
HCT116,E0,50,200,-0.3379067682129677,-0.3739491890187036,-0.2896924611596723,-0.2839113586119393,-0.3357637558485682,-0.2527921353528364,-0.7822199617335717,-0.8852532006988576,-0.6841987140673704,0.0,-2.220446049250313e-16,0.0,0.0,0.0,0.0,0.2061537200659555,0.2025145382506228,0.2111986933065623,0.0,0.0,0.0
HCT116,E0,100,200,-0.3379067682129677,-0.3739491890187036,-0.2896924611596723,-0.2839113586119393,-0.3357637558485682,-0.2527921353528364,-0.7822199617335717,-0.8852532006988576,-0.6841987140673704,0.0,-2.220446049250313e-16,0.0,0.0,0.0,0.0,0.2061537200659555,0.2025145382506228,0.2111986933065623,0.0,0.0,0.0
HCT116,E0,200,200,-0.3379067682129677,-0.3739491890187036,-0.2896924611596723,-0.2839113586119393,-0.3357637558485682,-0.2527921353528364,-0.7822199617335717,-0.8852532006988576,-0.6841987140673704,0.0,-2.220446049250313e-16,0.0,0.0,0.0,0.0,0.2061537200659555,0.2025145382506228,0.2111986933065623,0.0,0.0,0.0
HCT116,E0,743,5,-0.3379067682129677,-0.37378699645125407,-0.29374577542335084,-0.2839113586119393,-0.335444187866798,-0.25412697369265524,-0.7822199617335717,-0.8838131545098956,-0.6853832032302514,0.0,-1.9984014443252818e-16,0.0,0.0,0.0,0.0,0.2061537200659555,0.20280783324636953,0.2108624080908906,0.0,0.0,0.0
HCT116,E0s,0,5,0.1483822328157257,0.14179217152189316,0.157175242460848,0.2567866803136208,0.24718177570675381,0.261884385017274,0.6802037713868435,0.6615744992307385,0.7047732173317629,0.0,0.0,0.0,0.421133464782272,0.4004755671018009,0.44656954408137733,0.2061537200659556,0.20280783324636958,0.21086240809089057,0.0,0.0,0.0
HCT116,E0s,1,200,0.1483822328157257,0.1415096893686031,0.1573559728130273,0.2567866803136208,0.2470393556333997,0.2623128096042608,0.6802037713868435,0.6613778482768178,0.7074872531717169,0.0,0.0,0.0,0.421133464782272,0.398974001257969,0.4477412737351074,0.2061537200659556,0.2025145382506229,0.2111986933065623,0.0,0.0,0.0
HCT116,E0s,2,200,0.1483822328157257,0.1415096893686031,0.1573559728130273,0.2567866803136208,0.2470393556333997,0.2623128096042608,0.6802037713868435,0.6613778482768178,0.7074872531717169,0.0,0.0,0.0,0.421133464782272,0.398974001257969,0.4477412737351074,0.2061537200659556,0.2025145382506229,0.2111986933065623,0.0,0.0,0.0
HCT116,E0s,5,200,0.1483822328157257,0.1415096893686031,0.1573559728130273,0.2567866803136208,0.2470393556333997,0.2623128096042608,0.6802037713868435,0.6613778482768178,0.7074872531717169,0.0,0.0,0.0,0.421133464782272,0.398974001257969,0.4477412737351074,0.2061537200659556,0.2025145382506229,0.2111986933065623,0.0,0.0,0.0
HCT116,E0s,10,200,0.1483822328157257,0.1415096893686031,0.1573559728130273,0.2567866803136208,0.2470393556333997,0.2623128096042608,0.6802037713868435,0.6613778482768178,0.7074872531717169,0.0,0.0,0.0,0.421133464782272,0.398974001257969,0.4477412737351074,0.2061537200659556,0.2025145382506229,0.2111986933065623,0.0,0.0,0.0
HCT116,E0s,20,200,0.1483822328157257,0.1415096893686031,0.1573559728130273,0.2567866803136208,0.2470393556333997,0.2623128096042608,0.6802037713868435,0.6613778482768178,0.7074872531717169,0.0,0.0,0.0,0.421133464782272,0.398974001257969,0.4477412737351074,0.2061537200659556,0.2025145382506229,0.2111986933065623,0.0,0.0,0.0
HCT116,E0s,50,200,0.1483822328157257,0.1415096893686031,0.1573559728130273,0.2567866803136208,0.2470393556333997,0.2623128096042608,0.6802037713868435,0.6613778482768178,0.7074872531717169,0.0,0.0,0.0,0.421133464782272,0.398974001257969,0.4477412737351074,0.2061537200659556,0.2025145382506229,0.2111986933065623,0.0,0.0,0.0
HCT116,E0s,100,200,0.1483822328157257,0.1415096893686031,0.1573559728130273,0.2567866803136208,0.2470393556333997,0.2623128096042608,0.6802037713868435,0.6613778482768178,0.7074872531717169,0.0,0.0,0.0,0.421133464782272,0.398974001257969,0.4477412737351074,0.2061537200659556,0.2025145382506229,0.2111986933065623,0.0,0.0,0.0
HCT116,E0s,200,200,0.1483822328157257,0.1415096893686031,0.1573559728130273,0.2567866803136208,0.2470393556333997,0.2623128096042608,0.6802037713868435,0.6613778482768178,0.7074872531717169,0.0,0.0,0.0,0.421133464782272,0.398974001257969,0.4477412737351074,0.2061537200659556,0.2025145382506229,0.2111986933065623,0.0,0.0,0.0
HCT116,E0s,743,5,0.1483822328157257,0.14179217152189316,0.157175242460848,0.2567866803136208,0.24718177570675381,0.261884385017274,0.6802037713868435,0.6615744992307385,0.7047732173317629,0.0,0.0,0.0,0.421133464782272,0.4004755671018009,0.44656954408137733,0.2061537200659556,0.20280783324636958,0.21086240809089057,0.0,0.0,0.0
HCT116,E1,1,200,-2.3580660856012927,-9.085128681264797,-0.48735034333950794,0.2567866803136208,0.2470393556333997,0.2623128096042609,0.6802037713868435,0.6613778482768178,0.7074872531717169,0.0,-2.220446049250313e-16,0.0,0.421133464782272,0.398974001257969,0.4477412737351075,0.2061537200659556,0.2025145382506228,0.2111986933065623,0.0,0.0,0.0
HCT116,E1,2,200,-1.009061301942812,-4.079084986680852,-0.19636297148092846,0.2567866803136208,0.2470393556333997,0.2623128096042608,0.6802037713868435,0.6613778482768178,0.7074872531717169,0.0,-2.220446049250313e-16,0.0,0.421133464782272,0.398974001257969,0.4477412737351074,0.2061537200659556,0.2025145382506228,0.2111986933065623,0.0,0.0,0.0
HCT116,E1,5,200,-0.24575513591574935,-0.8615574375803553,0.02438998670267648,0.2567866803136208,0.2470393556333997,0.2623128096042609,0.6802037713868435,0.6613778482768178,0.7074872531717169,0.0,-2.220446049250313e-16,0.0,0.421133464782272,0.398974001257969,0.4477412737351075,0.2061537200659556,0.2025145382506228,0.2111986933065623,0.0,0.0,0.0
HCT116,E1,10,200,0.0349106000515799,-0.152417599107555,0.13867142196814541,0.2567866803136208,0.2470393556333997,0.2623128096042609,0.6802037713868435,0.6613778482768178,0.7074872531717169,0.0,-5.551115123125664e-18,0.0,0.421133464782272,0.398974001257969,0.4477412737351075,0.2061537200659556,0.2025145382506228,0.2111986933065623,0.0,0.0,0.0
HCT116,E1,20,200,0.18726494853274178,0.08629495862003235,0.22977085476245848,0.2567866803136208,0.2470393556333997,0.2623128096042609,0.6802037713868435,0.6613778482768178,0.7074872531717169,0.0,-2.220446049250313e-16,0.0,0.421133464782272,0.398974001257969,0.4477412737351075,0.2061537200659556,0.2025145382506228,0.2111986933065623,0.0,0.0,0.0
HCT116,E1,50,200,0.2734982246539204,0.24064426659956462,0.29706037662943624,0.2567866803136208,0.2470393556333997,0.2623128096042609,0.6802037713868436,0.6613778482768178,0.7074872531717169,0.0,-2.220446049250313e-16,0.0,0.421133464782272,0.398974001257969,0.4477412737351075,0.2061537200659556,0.2025145382506228,0.2111986933065623,0.0,0.0,0.0
HCT116,E1,100,200,0.30444922617908277,0.2862051768142724,0.3239937202189501,0.2567866803136208,0.2470393556333997,0.2623128096042609,0.6802037713868435,0.6613778482768178,0.7074872531717169,0.0,-2.220446049250313e-16,0.0,0.421133464782272,0.398974001257969,0.4477412737351075,0.2061537200659556,0.2025145382506228,0.2111986933065623,0.0,0.0,0.0
HCT116,E1,200,200,0.31738944225162147,0.3069731668805498,0.33632579168200166,0.2567866803136208,0.2470393556333997,0.2623128096042608,0.6802037713868435,0.6613778482768178,0.7074872531717169,0.0,-2.220446049250313e-16,0.0,0.421133464782272,0.398974001257969,0.4477412737351074,0.2061537200659556,0.2025145382506228,0.2111986933065623,0.0,0.0,0.0
HCT116,E1,743,5,0.3274664099221287,0.32397644001787607,0.34504847016975254,0.2567866803136207,0.24718177570675384,0.261884385017274,0.6802037713868435,0.6615744992307385,0.7047732173317629,0.0,0.0,0.0,0.4211334647822718,0.4004755671018009,0.44656954408137733,0.2061537200659556,0.20280783324636947,0.21086240809089057,0.0,0.0,0.0
HCT116,E2,1,200,-2.3580660856012927,-9.085128681264795,-0.48735034333950794,0.2567866803136208,0.2470393556333997,0.2623128096042608,0.6802037713868435,0.6613778482768178,0.7074872531717169,0.0,-2.220446049250313e-16,0.0,0.421133464782272,0.398974001257969,0.4477412737351074,0.2061537200659556,0.2025145382506228,0.2111986933065623,0.0,0.0,0.0
HCT116,E2,2,200,-1.0489251061492988,-4.046300533802842,-0.19541844600357194,0.22553736838822785,-0.28288616898008373,0.29102430479893077,0.5916269859461996,-0.7793954048066469,0.7696271702545645,0.0,-2.220446049250313e-16,0.0,0.4003012378355771,0.0007984894167178415,0.4692357147011527,0.2061537200659555,-0.2061537200659554,0.2111986933065624,0.0,0.0,0.0
HCT116,E2,5,200,-0.2790507319256159,-1.0147181886376087,0.028967623416123033,0.25409446509035777,0.016530747276850395,0.2910724970278201,0.6791535015957975,0.04552968703486952,0.7735158210115152,0.0,-2.220446049250313e-16,0.0,0.4126340041360135,0.24837290808917611,0.46927179310848965,0.20615372006595564,0.2025145382506228,0.2111986933065625,0.0,0.0,0.0
HCT116,E2,10,200,0.0356199157142912,-0.1886376565927581,0.14592512580306835,0.2635937600034175,0.14571623550907753,0.292516907158117,0.7042522009431049,0.3878777705236728,0.77487481294109,0.0,-2.220446049250313e-16,0.0,0.4248262424187582,0.34375559568616937,0.47035312962774506,0.2061537200659556,0.2025145382506228,0.2111986933065624,0.0,0.0,0.0
HCT116,E2,20,200,0.19858796345398338,0.09721945776356479,0.24732837751368833,0.2729509331437183,0.225996667967843,0.2927028634489313,0.7239970123639313,0.602583130121583,0.7755843142418192,0.0,-2.220446049250313e-16,0.0,0.4317457333220084,0.38524191063234414,0.47049234308521476,0.2061537200659557,0.2025145382506227,0.2111986933065625,0.0,0.0,0.0
HCT116,E2,50,200,0.29336922299634316,0.236781166932889,0.3212104136681623,0.2772717171548822,0.2492762517775409,0.29284887391880515,0.7361323172101337,0.6784361263685046,0.7761348280259036,0.0,-2.220446049250313e-16,0.0,0.4373543518613814,0.4065107448787834,0.4706016516880529,0.2061537200659557,0.2025145382506227,0.2111986933065625,0.0,0.0,0.0
HCT116,E2,100,200,0.32519869464506285,0.30382849054492816,0.34962793877843085,0.27921045312347426,0.26623125837418943,0.2929842149158349,0.740414415329443,0.7072445738257607,0.775766514018979,0.0,-2.220446049250313e-16,0.0,0.4399006816078116,0.4142933045958562,0.4707029727460898,0.20615372006595564,0.2025145382506227,0.2111986933065625,0.0,0.0,0.0
HCT116,E2,200,200,0.3384287291893129,0.32641498331060964,0.3617878963068166,0.27941863680812434,0.26650212566753767,0.2928312044925966,0.7409273912561207,0.7155873927057527,0.776303945142037,0.0,-2.220446049250313e-16,0.0,0.4399158777477741,0.41450951547849557,0.47058842373054094,0.2061537200659557,0.2025145382506228,0.2111986933065625,0.0,0.0,0.0
HCT116,E2,743,5,0.3493992698831691,0.3446928163075926,0.3714200883939248,0.2810416159181107,0.2698150350544334,0.29114485114212485,0.7410387961317928,0.7242851827546734,0.7732438601545255,0.0,0.0,0.0,0.4402022255721954,0.4179705963125768,0.468980871818337,0.2061537200659556,0.20280783324636956,0.2108624080908906,0.0,0.0,0.0
HCT116,E3,1,200,-2.3580666542119264,-9.085128741415996,-0.48735034616118655,0.256786680414904,0.24703935475993982,0.26231281040899723,0.6802037713086428,0.6613778429801325,0.7074872540376874,3.688327421258464e-11,-7.852907435434986e-09,1.1670759289539322e-08,0.4211334648611583,0.3989740005607584,0.4477412743375616,0.2061537203047059,0.20251453509661124,0.2111986943298704,0.00036489686923095,-0.006924913520894515,0.007895556204687184
HCT116,E3,2,200,-1.0041969509477013,-4.055107096165958,-0.1911796529350546,0.2553490353400696,0.24143064527833258,0.2647316222471552,0.6807958008360547,0.6568933686433863,0.7156136101759367,-0.00284604695050355,-0.013592425791382251,0.009911008491392382,0.4205526520382008,0.3961964390320009,0.44955208244458444,0.20600480073821875,0.19956260874783074,0.21188062030045104,0.004464054849841951,-0.007392616730968797,0.025098691515680713
HCT116,E3,5,200,-0.2550227404428316,-0.8505265530328884,0.01377255528457385,0.23986654860614437,0.18650400263143257,0.26538546988275125,0.6946214218639393,0.6299043573425785,0.7581562332559995,-0.0343963295942366,-0.10991043657132572,0.007447282170656697,0.41117848849297156,0.35656123095219944,0.4500415759143192,0.20165470735240776,0.18663494581053913,0.21213220514800155,0.01284136118598265,-0.004503618284964209,0.03327305320443572
HCT116,E3,10,200,0.0420977636490001,-0.14609329862876488,0.14484793521551115,0.2588856972343683,0.2339294426621581,0.2754503155880882,0.7013447764537227,0.6599405051227599,0.7540884689362483,-0.0038810830866691497,-0.04199797530512807,0.0214026590018474,0.4236801219360211,0.39029449253807375,0.45683484106788164,0.20530632729068599,0.1945671783837656,0.21461257671696157,0.02103227198677755,0.0007299353747715454,0.042401433255008135
HCT116,E3,20,200,0.20142081831350145,0.09044811863730272,0.2455045803605637,0.2705173108005605,0.2528465122907543,0.28549942947415186,0.7011233255123714,0.6560367126266401,0.745923555895278,0.01294239436187565,-0.008671350795260243,0.03395700011667617,0.43584231547947555,0.4056903519229378,0.4650995975916799,0.20862534442187575,0.20115297903189064,0.21665015275883445,0.03583131727678705,0.01332337933879173,0.04990875532085394
HCT116,E3,50,200,0.2964429823204934,0.24434922563037492,0.3204887463184285,0.2783740920582096,0.23613541012113898,0.2920417969226142,0.7044726848148433,0.671936831085667,0.7489146752495871,0.024443234350892948,-0.06795302513547045,0.036237317924232085,0.4395085189639666,0.40510285596977014,0.4699974452985196,0.209977768053459,0.19909079525639478,0.2178877592921887,0.049650946425870354,0.02968503984622089,0.06267929174173784
HCT116,E3,100,200,0.3420926400475574,0.31466214145504906,0.3692154992731833,0.29558328309133025,0.2752728107978816,0.3157683333747229,0.7497033094352437,0.7048295786825269,0.7873492225496654,0.0252598453404493,0.0022288910644259357,0.03902408326482592,0.4533864865449726,0.42282259828089297,0.48775996980797964,0.2105588204167606,0.201333471130984,0.22167642140143784,0.062349032743803046,0.05152296100919886,0.0720859842464463
HCT116,E3,200,200,0.37715245276974796,0.36239907103679075,0.40172477510561766,0.32134989213197895,0.3056596427504576,0.33731973355950434,0.7526513118387571,0.7245886949531397,0.7892834637722809,0.0619872412692853,0.048293437318359396,0.07433187580920947,0.473272492024361,0.44576571191996806,0.5038941103627146,0.21816145732912906,0.20990205596174152,0.2292136850492821,0.07493166166552626,0.06721563784583932,0.08454977542714143
HCT116,E3,743,5,0.4094825815284195,0.4040484041754122,0.4330215019979836,0.3467912058272485,0.33815580517689353,0.3616123377791357,0.7738037080425332,0.7534316661976992,0.8069926641630185,0.0884689051719694,0.08579158580741236,0.09475636107967483,0.4922647723994301,0.4723804401184878,0.5217456884266763,0.2230534068790881,0.21391087473105416,0.23134318672228665,0.0945383818807442,0.08712237309965505,0.09887998356139562
HCT116,E4,1,200,-2.3580660856012927,-9.085128681264795,-0.48735034333950794,0.2567866803136208,0.2470393556333997,0.2623128096042608,0.6802037713868435,0.6613778482768178,0.7074872531717169,0.0,-2.220446049250313e-16,0.0,0.421133464782272,0.398974001257969,0.4477412737351074,0.2061537200659556,0.2025145382506228,0.2111986933065623,0.0,0.0,0.0
HCT116,E4,2,200,-1.048581654241287,-4.045728914062091,-0.19500572466563199,0.22561993442947945,-0.2829437369653776,0.29107492693099923,0.5916021100369044,-0.7795386420852672,0.7696165015968914,0.0001081593425179,-0.000249423205049545,0.0020966244483785457,0.400298428568457,0.0007536514418002139,0.46927361221996683,0.20625559758868112,-0.2061061990250099,0.21154779713608168,0.0082533582780028,-0.021880821031479647,0.05399529604495227
HCT116,E4,5,200,-0.31304478295746885,-0.9652074071251343,0.029275362837075686,0.20286906467538016,-0.032342635724643444,0.2904222003967471,0.6666043593106649,0.016677663537905247,0.7723242357673867,-0.0001056609859894994,-0.41919035848604674,0.018708741108326,0.38255549190309823,0.18956373829947193,0.4687849580463571,0.20557820274570837,0.12159520137399488,0.21635449772831924,0.02105111996408825,-0.010507643182121799,0.06312845025644628
HCT116,E4,10,200,0.03552660597028795,-0.2548039940609434,0.16143957370016487,0.2539702590240837,0.03238664351273478,0.3003677358088088,0.699910204545896,0.3518330236661999,0.7666706352104808,0.0010440684551706,-0.32878991241428634,0.03946334557639344,0.41932846102420784,0.2755658301992223,0.4762305376771231,0.207091608693757,0.15445118998552265,0.22098666921572635,0.0355101148283857,-0.004721154522154009,0.07769288697444791
HCT116,E4,20,200,0.2173454504423871,0.08388285604671947,0.2737627101449876,0.2844994694420883,0.18416513231530857,0.31859899762547045,0.7231118737561205,0.5792079459836063,0.7776840086418838,0.0229397061737682,-0.07702869091360137,0.0615182580943828,0.44536898076741993,0.3684467612167418,0.4898791052002626,0.2138293024505187,0.1986323856873599,0.2258136961136676,0.06121944167313505,0.023298185204937306,0.08502736863697008
HCT116,E4,50,200,0.3297072395208589,0.24220960742691383,0.36600337068684546,0.31377368414290563,0.24514988846511862,0.3420719315163818,0.7381001943657653,0.6299910014445242,0.7827916572180604,0.06168217271944835,-0.009469429657844726,0.08882410079543596,0.4664501466771924,0.4066281554229225,0.5074517738612714,0.2211863050898632,0.20568765824607982,0.23439138131050033,0.08125919542053825,0.04801139656333656,0.09940858962443753
HCT116,E4,100,200,0.3862570114892623,0.3475838699994535,0.4204998111858506,0.3454019429922517,0.30203261172048895,0.3756811697002584,0.7469681134038364,0.7002395104008282,0.783843368258893,0.10523774492971186,0.04258593228638554,0.14409931004704138,0.4916180296562432,0.4551479232799016,0.532612838485701,0.22827568332451453,0.2119373671115034,0.24266171454991375,0.10177741135998344,0.08249673180673563,0.12008934382833011
HCT116,E4,200,200,0.4285604230098637,0.40349539669501844,0.4605789538165118,0.3786254474883127,0.3538852023735858,0.40748906234773324,0.7531477786888534,0.7260769893603862,0.799550267398232,0.15454040875065073,0.11171289786531316,0.1874389538657445,0.5177795888483471,0.4883776363547235,0.5564253521193474,0.23568812705105102,0.21745751469976304,0.2485227878293905,0.11675012933967775,0.1027806872562762,0.13362135604234496
HCT116,E4,743,5,0.5037709069605856,0.49494794900639555,0.520407031344116,0.454695254667798,0.4457377828228386,0.47134155627693264,0.7902381377351356,0.7465179255668215,0.8168564877061962,0.2633307413197988,0.23390842803287293,0.2794941125357521,0.5736661875903082,0.5650441699931452,0.6034063208209659,0.2438151307073685,0.22331765373572812,0.2522143269712232,0.1389395798599131,0.13226225407356076,0.15004432512404564
HEK293T,E0,0,5,-1.6104109998882583,-1.6624978196530769,-1.5460937913409716,-1.2941028602652969,-1.3429149709600925,-1.2275748563279119,-6.33564904246747,-6.962528329095214,-6.332269331345039,0.0,0.0,1.9984014443252816e-16,0.0,0.0,0.0,0.146229138606844,0.14318153379121457,0.1482706012195197,0.0,0.0,0.0
HEK293T,E0,1,200,-1.6104109998882583,-1.664659618021954,-1.5392198974341378,-1.2941028602652969,-1.343988996726773,-1.2213076034969623,-6.33564904246747,-7.017612065459112,-6.3319809394336755,0.0,0.0,2.220446049250313e-16,0.0,0.0,0.0,0.146229138606844,0.1429502658549719,0.1483607937090916,0.0,0.0,0.0
HEK293T,E0,2,200,-1.6104109998882583,-1.664659618021954,-1.5392198974341378,-1.2941028602652969,-1.343988996726773,-1.2213076034969623,-6.33564904246747,-7.017612065459112,-6.3319809394336755,0.0,0.0,2.220446049250313e-16,0.0,0.0,0.0,0.146229138606844,0.1429502658549719,0.1483607937090916,0.0,0.0,0.0
HEK293T,E0,5,200,-1.6104109998882583,-1.664659618021954,-1.5392198974341378,-1.2941028602652969,-1.343988996726773,-1.2213076034969623,-6.33564904246747,-7.017612065459112,-6.3319809394336755,0.0,0.0,2.220446049250313e-16,0.0,0.0,0.0,0.146229138606844,0.1429502658549719,0.1483607937090916,0.0,0.0,0.0
HEK293T,E0,10,200,-1.6104109998882583,-1.664659618021954,-1.5392198974341378,-1.2941028602652969,-1.343988996726773,-1.2213076034969623,-6.33564904246747,-7.017612065459112,-6.3319809394336755,0.0,0.0,2.220446049250313e-16,0.0,0.0,0.0,0.146229138606844,0.1429502658549719,0.1483607937090916,0.0,0.0,0.0
HEK293T,E0,20,200,-1.6104109998882583,-1.664659618021954,-1.5392198974341378,-1.2941028602652969,-1.343988996726773,-1.2213076034969623,-6.33564904246747,-7.017612065459112,-6.3319809394336755,0.0,0.0,2.220446049250313e-16,0.0,0.0,0.0,0.146229138606844,0.1429502658549719,0.1483607937090916,0.0,0.0,0.0
HEK293T,E0,50,200,-1.6104109998882583,-1.664659618021954,-1.5392198974341378,-1.2941028602652969,-1.343988996726773,-1.2213076034969623,-6.33564904246747,-7.017612065459112,-6.3319809394336755,0.0,0.0,2.220446049250313e-16,0.0,0.0,0.0,0.146229138606844,0.1429502658549719,0.1483607937090916,0.0,0.0,0.0
HEK293T,E0,100,200,-1.6104109998882583,-1.664659618021954,-1.5392198974341378,-1.2941028602652969,-1.343988996726773,-1.2213076034969623,-6.33564904246747,-7.017612065459112,-6.3319809394336755,0.0,0.0,2.220446049250313e-16,0.0,0.0,0.0,0.146229138606844,0.1429502658549719,0.1483607937090916,0.0,0.0,0.0
HEK293T,E0,200,200,-1.6104109998882583,-1.664659618021954,-1.5392198974341378,-1.2941028602652969,-1.343988996726773,-1.2213076034969623,-6.33564904246747,-7.017612065459112,-6.3319809394336755,0.0,0.0,2.220446049250313e-16,0.0,0.0,0.0,0.146229138606844,0.1429502658549719,0.1483607937090916,0.0,0.0,0.0
HEK293T,E0,743,5,-1.6104109998882583,-1.6624978196530769,-1.5460937913409716,-1.2941028602652969,-1.3429149709600925,-1.2275748563279119,-6.33564904246747,-6.962528329095214,-6.332269331345039,0.0,0.0,1.9984014443252816e-16,0.0,0.0,0.0,0.146229138606844,0.14318153379121457,0.1482706012195197,0.0,0.0,0.0
HEK293T,E0s,0,5,-0.5213194330912185,-0.537212612628821,-0.5050456150205312,-0.1085348917998036,-0.12708373830991326,-0.1079786619628834,-0.5354863793892797,-0.6630963135797818,-0.5247415520192056,0.0,0.0,1.9984014443252816e-16,0.5167938516843715,0.5025732305345638,0.523549101582593,0.1462291386068443,0.1431815337912145,0.1482706012195192,0.0,0.0,0.0
HEK293T,E0s,1,200,-0.5213194330912185,-0.5381229680130122,-0.5034430082999359,-0.1085348917998036,-0.128944737441718,-0.1079180014089082,-0.5354863793892797,-0.673282405921674,-0.5240113783305913,0.0,0.0,2.220446049250313e-16,0.5167938516843715,0.5012316170598192,0.5241249989613158,0.1462291386068443,0.1429502658549718,0.148360793709091,0.0,0.0,0.0
HEK293T,E0s,2,200,-0.5213194330912185,-0.5381229680130122,-0.5034430082999359,-0.1085348917998036,-0.128944737441718,-0.1079180014089082,-0.5354863793892797,-0.673282405921674,-0.5240113783305913,0.0,0.0,2.220446049250313e-16,0.5167938516843715,0.5012316170598192,0.5241249989613158,0.1462291386068443,0.1429502658549718,0.148360793709091,0.0,0.0,0.0
HEK293T,E0s,5,200,-0.5213194330912185,-0.5381229680130122,-0.5034430082999359,-0.1085348917998036,-0.128944737441718,-0.1079180014089082,-0.5354863793892797,-0.673282405921674,-0.5240113783305913,0.0,0.0,2.220446049250313e-16,0.5167938516843715,0.5012316170598192,0.5241249989613158,0.1462291386068443,0.1429502658549718,0.148360793709091,0.0,0.0,0.0
HEK293T,E0s,10,200,-0.5213194330912185,-0.5381229680130122,-0.5034430082999359,-0.1085348917998036,-0.128944737441718,-0.1079180014089082,-0.5354863793892797,-0.673282405921674,-0.5240113783305913,0.0,0.0,2.220446049250313e-16,0.5167938516843715,0.5012316170598192,0.5241249989613158,0.1462291386068443,0.1429502658549718,0.148360793709091,0.0,0.0,0.0
HEK293T,E0s,20,200,-0.5213194330912185,-0.5381229680130122,-0.5034430082999359,-0.1085348917998036,-0.128944737441718,-0.1079180014089082,-0.5354863793892797,-0.673282405921674,-0.5240113783305913,0.0,0.0,2.220446049250313e-16,0.5167938516843715,0.5012316170598192,0.5241249989613158,0.1462291386068443,0.1429502658549718,0.148360793709091,0.0,0.0,0.0
HEK293T,E0s,50,200,-0.5213194330912185,-0.5381229680130122,-0.5034430082999359,-0.1085348917998036,-0.128944737441718,-0.1079180014089082,-0.5354863793892797,-0.673282405921674,-0.5240113783305913,0.0,0.0,2.220446049250313e-16,0.5167938516843715,0.5012316170598192,0.5241249989613158,0.1462291386068443,0.1429502658549718,0.148360793709091,0.0,0.0,0.0
HEK293T,E0s,100,200,-0.5213194330912185,-0.5381229680130122,-0.5034430082999359,-0.1085348917998036,-0.128944737441718,-0.1079180014089082,-0.5354863793892797,-0.673282405921674,-0.5240113783305913,0.0,0.0,2.220446049250313e-16,0.5167938516843715,0.5012316170598192,0.5241249989613158,0.1462291386068443,0.1429502658549718,0.148360793709091,0.0,0.0,0.0
HEK293T,E0s,200,200,-0.5213194330912185,-0.5381229680130122,-0.5034430082999359,-0.1085348917998036,-0.128944737441718,-0.1079180014089082,-0.5354863793892797,-0.673282405921674,-0.5240113783305913,0.0,0.0,2.220446049250313e-16,0.5167938516843715,0.5012316170598192,0.5241249989613158,0.1462291386068443,0.1429502658549718,0.148360793709091,0.0,0.0,0.0
HEK293T,E0s,743,5,-0.5213194330912185,-0.537212612628821,-0.5050456150205312,-0.1085348917998036,-0.12708373830991326,-0.1079786619628834,-0.5354863793892797,-0.6630963135797818,-0.5247415520192056,0.0,0.0,1.9984014443252816e-16,0.5167938516843715,0.5025732305345638,0.523549101582593,0.1462291386068443,0.1431815337912145,0.1482706012195192,0.0,0.0,0.0
HEK293T,E1,1,200,-2.7470325826269533,-13.380356940910447,-0.8307038199199904,-0.1085348917998036,-0.128944737441718,-0.1079180014089082,-0.5354863793892797,-0.6732824059216742,-0.5240113783305913,0.0,0.0,2.220446049250313e-16,0.5167938516843715,0.5012316170598192,0.5241249989613158,0.1462291386068443,0.1429502658549717,0.148360793709091,0.0,0.0,0.0
HEK293T,E1,2,200,-1.5232448150600815,-4.487682000129722,-0.6284116102942021,-0.1085348917998036,-0.128944737441718,-0.1079180014089082,-0.5354863793892797,-0.6732824059216742,-0.5240113783305913,0.0,0.0,2.220446049250313e-16,0.5167938516843715,0.5012316170598192,0.5241249989613158,0.1462291386068443,0.1429502658549717,0.148360793709091,0.0,0.0,0.0
HEK293T,E1,5,200,-0.6692711750542826,-1.3135868889164055,-0.36509369238199624,-0.1085348917998036,-0.128944737441718,-0.1079180014089082,-0.5354863793892797,-0.6732824059216742,-0.5240113783305913,0.0,-2.220446049250313e-16,2.220446049250313e-16,0.5167938516843715,0.5012316170598192,0.5241249989613158,0.1462291386068443,0.1429502658549717,0.148360793709091,0.0,0.0,0.0
HEK293T,E1,10,200,-0.3399610960689621,-0.7385475570939523,-0.22153462830237405,-0.1085348917998036,-0.128944737441718,-0.1079180014089082,-0.5354863793892797,-0.6732824059216742,-0.5240113783305913,0.0,0.0,2.220446049250313e-16,0.5167938516843715,0.5012316170598192,0.5241249989613158,0.14622913860684433,0.1429502658549718,0.148360793709091,0.0,0.0,0.0
HEK293T,E1,20,200,-0.1870185089600338,-0.3207389285377668,-0.13833814753348941,-0.1085348917998036,-0.128944737441718,-0.1079180014089082,-0.5354863793892797,-0.6732824059216742,-0.5240113783305913,0.0,-2.220446049250313e-16,2.220446049250313e-16,0.5167938516843715,0.5012316170598192,0.5241249989613158,0.1462291386068444,0.1429502658549718,0.148360793709091,0.0,0.0,0.0
HEK293T,E1,50,200,-0.08327220925785064,-0.13173050787852397,-0.06634049880872839,-0.1085348917998036,-0.128944737441718,-0.1079180014089082,-0.5354863793892797,-0.6732824059216742,-0.5240113783305913,0.0,0.0,2.220446049250313e-16,0.5167938516843715,0.5012316170598192,0.5241249989613158,0.1462291386068444,0.1429502658549718,0.148360793709091,0.0,0.0,0.0
HEK293T,E1,100,200,-0.0516459347094659,-0.07236445220689643,-0.04082820160736038,-0.1085348917998036,-0.128944737441718,-0.1079180014089082,-0.5354863793892797,-0.6732824059216742,-0.5240113783305913,0.0,0.0,2.220446049250313e-16,0.5167938516843715,0.5012316170598192,0.5241249989613158,0.1462291386068444,0.1429502658549718,0.148360793709091,0.0,0.0,0.0
HEK293T,E1,200,200,-0.03488212206299145,-0.04922418567737206,-0.02644033960103676,-0.1085348917998036,-0.128944737441718,-0.1079180014089082,-0.5354863793892797,-0.6732824059216742,-0.5240113783305913,0.0,0.0,2.220446049250313e-16,0.5167938516843715,0.5012316170598192,0.5241249989613158,0.1462291386068444,0.1429502658549718,0.148360793709091,0.0,0.0,0.0
HEK293T,E1,743,5,-0.0199237587829339,-0.02744507047141196,-0.016940085179243,-0.1085348917998036,-0.12708373830991326,-0.10797866196288343,-0.5354863793892797,-0.663096313579782,-0.5247415520192056,0.0,0.0,1.9984014443252816e-16,0.5167938516843715,0.5025732305345638,0.523549101582593,0.1462291386068444,0.1431815337912146,0.1482706012195192,0.0,0.0,0.0
HEK293T,E2,1,200,-2.7470325826269533,-13.380356940910447,-0.8307038199199904,-0.1085348917998036,-0.128944737441718,-0.1079180014089082,-0.5354863793892797,-0.6732824059216742,-0.5240113783305913,0.0,0.0,2.220446049250313e-16,0.5167938516843715,0.5012316170598192,0.5241249989613158,0.1462291386068443,0.1429502658549717,0.148360793709091,0.0,0.0,0.0
HEK293T,E2,2,200,-1.2083182889183246,-4.16109773575652,-0.3648327793634887,0.11495511264612784,-0.18569481214467337,0.15913186152411574,0.5773660273385361,-0.8827745106232492,0.7634644742687205,0.0,0.0,2.220446049250313e-16,0.61285608220783,0.49155260169333126,0.639614875002715,0.1462291386068437,-0.1474588688133732,0.1483607937090914,0.0,0.0,0.0
HEK293T,E2,5,200,-0.402796905806006,-1.1214566202416172,-0.09925774723186748,0.1406957404994919,0.019255479484133125,0.15998950107096208,0.7088114784550741,0.1019250666409483,0.7724457831935923,0.0,0.0,2.220446049250313e-16,0.6260701818110259,0.5729846943022312,0.6399824481347556,0.14622913860684383,0.1429502658549715,0.1483607937090913,0.0,0.0,0.0
HEK293T,E2,10,200,-0.0793607952614687,-0.53263465943259,0.03050408104264088,0.14385784520844985,0.09156277259170703,0.1604407191359546,0.7293671832189361,0.46630432838441366,0.7738730644758057,0.0,-5.551115123125664e-18,2.220446049250313e-16,0.6283142562712121,0.6002136820808404,0.6401758343166225,0.146229138606844,0.1429502658549716,0.1483607937090913,0.0,0.0,0.0
HEK293T,E2,20,200,0.062822866905543,-0.09657312989118695,0.11088646485550613,0.1486720701551906,0.11636525954593345,0.16066241439328793,0.748844864189425,0.5949784917818837,0.777503812371367,0.0,0.0,2.220446049250313e-16,0.6292918519118268,0.6057666751308746,0.6402708500145299,0.1462291386068439,0.1429502658549716,0.1483607937090914,0.0,0.0,0.0
HEK293T,E2,50,200,0.16367050854549114,0.1181577024665603,0.182928327638512,0.15176442199396845,0.1399345429443211,0.16092663349140207,0.754962627762893,0.7225002967714992,0.7775780697607767,0.0,-2.220446049250313e-16,2.220446049250313e-16,0.6313941910841692,0.6128111857620736,0.6403840908763767,0.1462291386068439,0.1429502658549715,0.1483607937090914,0.0,0.0,0.0
HEK293T,E2,100,200,0.19385785169513592,0.1654065289347073,0.20482718493004315,0.15218646505168285,0.13894483554700332,0.1609627512967477,0.7553437779299236,0.7326874996107134,0.7778236800728422,0.0,0.0,2.220446049250313e-16,0.631282826750535,0.6123656340538097,0.6403995704970193,0.1462291386068439,0.1429502658549715,0.1483607937090913,0.0,0.0,0.0
HEK293T,E2,200,200,0.2112198016023599,0.19073275403173398,0.21907609931074218,0.15309779239707375,0.14132107026828575,0.16096455147117922,0.7584312397940687,0.7465362086405768,0.7777618705292174,0.0,-2.220446049250313e-16,2.220446049250313e-16,0.6316435472787318,0.6134353799627247,0.6404003420283187,0.1462291386068439,0.1429502658549716,0.1483607937090913,0.0,0.0,0.0
HEK293T,E2,743,5,0.2239953446696846,0.20673346398853115,0.2275892561270786,0.1532895083993073,0.1429460769236149,0.16037848081588094,0.7596715759649569,0.7536632362711664,0.7763344100578162,0.0,0.0,2.220446049250313e-16,0.6317377418009029,0.6154089556134544,0.6400490970177858,0.146229138606844,0.14318153379121437,0.14827060121951946,0.0,0.0,0.0
HEK293T,E3,1,200,-2.7470325884940583,-13.380357010839226,-0.8307038224787567,-0.10853489261341659,-0.1289447397712845,-0.10791799842245073,-0.5354863800415265,-0.6732824166618677,-0.5240113652784218,4.597083824720016e-11,-3.3979621560931145e-09,3.5421981542382855e-09,0.5167938516956332,0.5012316154174783,0.5241250002632011,0.14622913843145105,0.14295026493392174,0.1483607950330608,0.00052530550968535,-0.007156774614397539,0.007334389503202108
HEK293T,E3,2,200,-1.488104501149929,-4.397237019224166,-0.6133765999692207,-0.1010584374708737,-0.12642509862760093,-0.09149255517978101,-0.49324593994982013,-0.6370896330776439,-0.43381763842184573,-0.0019613895467026,-0.009870018134665665,0.0044002955480314234,0.5203667065954501,0.5022145210978941,0.5306640219014449,0.14625903472606155,0.14197953013814726,0.15020588604638777,0.005856651798002301,-0.0039731811562601005,0.018958506251392053
HEK293T,E3,5,200,-0.6008738586032956,-1.2433808570264977,-0.2923049199034327,-0.0534163842890058,-0.12439186281870979,-0.016041097332763467,-0.12021360304115665,-0.47283457114668564,0.08112203741340004,-0.03920163122078575,-0.0903581805418151,6.051148147727501e-05,0.5402258398931308,0.5066548705836159,0.561633487310993,0.1444405752344678,0.13579784735487435,0.1544631437161894,0.0148534110357703,-0.00021500501315030243,0.03142179309791454
HEK293T,E3,10,200,-0.24978678275227825,-0.6376649173919483,-0.13541599176319957,-0.0231944815938619,-0.09842977120774384,0.005025983489000298,-0.0823391559355746,-0.28659014049859166,0.7093815159196741,-0.0057944244465366005,-0.2770486720541237,0.01362908812144025,0.5549452884917863,0.5081704554855963,0.5709982092354146,0.1482220234699238,0.11038677219715474,0.1565259176797336,0.023943294437752602,0.0064664519660768026,0.03876255533600069
HEK293T,E3,20,200,-0.09353525968517334,-0.2396309690063274,-0.009930814851793288,-0.011030664801332999,-0.0889491746588302,0.02678034051483655,-0.0676673766477491,-0.2470948993185979,0.7442809638146378,0.00587062068162155,-0.28023872498615077,0.024455181696599146,0.5603031705664145,0.523502983912198,0.5807052481123846,0.14797161845935436,0.11245655648647572,0.15800696377980103,0.03208586944533385,0.019464168572444516,0.04617980769941982
HEK293T,E3,50,200,0.12157083034739766,0.07086161565687904,0.15864401254005095,0.1070586585947122,0.07264602001245558,0.1371251281029187,0.6809864757208799,0.6032372593364222,0.7338083075506684,-0.03549383594676135,-0.06752629437740652,-0.006598775453961319,0.6126299447895378,0.5890481317672933,0.6287206082240323,0.14895853947828241,0.13935586115824228,0.16053430840869692,0.0460553371125852,0.03754991959509795,0.057127711257565765
HEK293T,E3,100,200,0.19810305641861103,0.16483221655597985,0.21719117087528705,0.15695942214073377,0.13726525762753816,0.1774171974717218,0.6893950989621894,0.6168548924227584,0.7285096046762464,0.0261051399599011,0.008023508834108925,0.03854435351387232,0.6343656523812168,0.6122882985292833,0.647451731674487,0.16118307348069585,0.15259703803614155,0.1706567865330009,0.058441112839127396,0.050303935233479584,0.06653958217504138
HEK293T,E3,200,200,0.24000641058273892,0.21803313339378216,0.25351024825229485,0.18650087615995214,0.16826614473794768,0.20042753929468424,0.6850724736953692,0.6482210926406451,0.7177237356568522,0.0597245432254929,0.04877767931873124,0.06885962827088261,0.6461543883122078,0.6260615326823182,0.6573136642827665,0.1679288011268122,0.1608586352516915,0.17820863754107757,0.07130652197723264,0.06367868344866093,0.07866595873941666
HEK293T,E3,743,5,0.3022522979569427,0.28249285205102637,0.308926265446628,0.2420632649304371,0.22498235735191977,0.24996712619711042,0.815312621343584,0.8119907522574995,0.8285386773058587,0.0949172099367575,0.08651883734557375,0.09852282739625495,0.6696151911070314,0.6526695706010834,0.678091944746369,0.1725674245154724,0.16763492652960574,0.18227668470820613,0.0865981219973924,0.08240165637804958,0.09172297126308228
HEK293T,E4,1,200,-2.7470325826269533,-13.380356940910447,-0.8307038199199904,-0.1085348917998036,-0.128944737441718,-0.1079180014089082,-0.5354863793892797,-0.6732824059216742,-0.5240113783305913,0.0,0.0,2.220446049250313e-16,0.5167938516843715,0.5012316170598192,0.5241249989613158,0.1462291386068443,0.1429502658549717,0.148360793709091,0.0,0.0,0.0
HEK293T,E4,2,200,-1.2080540259429084,-4.159425144053133,-0.36480761221642566,0.11521566882169094,-0.1848150816666155,0.15915310806800748,0.5773098424473817,-0.8834436525437248,0.7634619640824802,0.0001182566175027,-0.00040875075700187496,0.002104097928397861,0.61287306303239,0.49192962471496043,0.6396239809945177,0.14611195496931395,-0.14769897245726227,0.14930505613022893,0.0122659846517248,-0.058454972499988066,0.08519769928601678
HEK293T,E4,5,200,-0.43051459107294976,-1.0246946771207779,-0.0868427783402595,0.11088828173864915,-0.09543553935440825,0.17250615748621648,0.7109264290306774,0.08962779173079898,0.7760014726412596,-0.00011964006719609999,-0.266530565216524,0.039422432126767534,0.6084786312592817,0.5224603948122849,0.6434762959284421,0.1450960658858852,0.04953775266827098,0.16714961123977834,0.0372834087306472,-0.023661131881698015,0.08859098736357972
HEK293T,E4,10,200,-0.0690604082697603,-0.5342145623930957,0.053879528893695953,0.1460798772173452,-0.146095979516547,0.1915675211627804,0.7310642303096324,0.46585322218354175,0.7783078912144992,0.0022784147457259,-0.32265774086574545,0.05036967033722037,0.6287991742223152,0.508798200410346,0.6531504877224638,0.14921602793730748,0.10062135550278858,0.17104321382520876,0.055446945332070605,-0.006152296199209704,0.09514890458873913
HEK293T,E4,20,200,0.09264318981975195,-0.06631511904494233,0.15634262962124315,0.17529089886779453,0.11254884721160288,0.210401146391897,0.7532478761850836,0.5856440344314938,0.7857951590711632,0.0335078450078703,-0.023376501547785585,0.07208907896023235,0.6412325791850244,0.6096011080262757,0.6590711591931651,0.16209959438623311,0.14339453495050333,0.17479088339303944,0.07359320780583264,0.03216557043979538,0.101670326372866
HEK293T,E4,50,200,0.2268314782423727,0.16960344556262652,0.2619940550262139,0.21903044549212836,0.17985763600913474,0.25372727233388315,0.7655029997672715,0.7305094999218005,0.7911421284590534,0.08538796032685869,0.03550923874325071,0.11744655884083496,0.6615531863658815,0.6342453121659084,0.6789093118460784,0.17640199950217175,0.16348350166351447,0.19075168544472493,0.0966569447664256,0.07365531299195965,0.12491655444965331
HEK293T,E4,100,200,0.28628982796549113,0.23537724476997585,0.31676768427255336,0.25381896573765556,0.2163621752689853,0.2862991818061992,0.7725219682212605,0.7474685541602716,0.792979731142736,0.1248612209967716,0.08333422743797102,0.16113540541494997,0.6757529910018916,0.6498157723500643,0.6930688252991999,0.18720350716485434,0.1750584153289569,0.19975548603770787,0.11568348349326596,0.09607403243315944,0.13705653952371524
HEK293T,E4,200,200,0.3344198685038669,0.3001258977762678,0.3605541557741391,0.294276380245275,0.26435714261422616,0.3205877592260643,0.7816229055989586,0.7691842617441389,0.7990745794975141,0.1718938607319161,0.1371083169773427,0.1978725244263105,0.6942109527537184,0.6695390504040047,0.7086391945410836,0.19726423145927485,0.1844949390298233,0.20924401427522712,0.1311910747041397,0.11381757419410873,0.15100121381165413
HEK293T,E4,743,5,0.4135038344194915,0.3935662204290288,0.4242753608363278,0.3738602606961213,0.35668609565099874,0.3842424853941004,0.7964132084050861,0.7937202438403653,0.8090135283345373,0.2664435171260002,0.2540378173825511,0.27322704347308713,0.727389195806249,0.7116132809408348,0.7357588006099212,0.2163663390703259,0.2122846164658437,0.22833851492207685,0.162308288104345,0.1554491726766894,0.1698746678495069
HepG2,E0,0,5,0.3640113058687619,0.3531044568183599,0.3740072073035566,0.2732281918743395,0.27226813994294213,0.283802636730334,0.7611597761400373,0.7426854440461433,0.7712100482420313,0.0,0.0,0.0,0.0,0.0,0.0,0.2473136759728578,0.2440110356729191,0.257570679271196,0.0,0.0,0.0
HepG2,E0,1,200,0.3640113058687619,0.3519824511314088,0.3742765843051971,0.2732281918743395,0.2722389948473354,0.2841152046139906,0.7611597761400373,0.7426543265091519,0.7718873339076041,0.0,0.0,0.0,0.0,0.0,0.0,0.2473136759728578,0.2437046084110681,0.2581941419538673,0.0,0.0,0.0
HepG2,E0,2,200,0.3640113058687619,0.3519824511314088,0.3742765843051971,0.2732281918743395,0.2722389948473354,0.2841152046139906,0.7611597761400373,0.7426543265091519,0.7718873339076041,0.0,0.0,0.0,0.0,0.0,0.0,0.2473136759728578,0.2437046084110681,0.2581941419538673,0.0,0.0,0.0
HepG2,E0,5,200,0.3640113058687619,0.3519824511314088,0.3742765843051971,0.2732281918743395,0.2722389948473354,0.2841152046139906,0.7611597761400373,0.7426543265091519,0.7718873339076041,0.0,0.0,0.0,0.0,0.0,0.0,0.2473136759728578,0.2437046084110681,0.2581941419538673,0.0,0.0,0.0
HepG2,E0,10,200,0.3640113058687619,0.3519824511314088,0.3742765843051971,0.2732281918743395,0.2722389948473354,0.2841152046139906,0.7611597761400373,0.7426543265091519,0.7718873339076041,0.0,0.0,0.0,0.0,0.0,0.0,0.2473136759728578,0.2437046084110681,0.2581941419538673,0.0,0.0,0.0
HepG2,E0,20,200,0.3640113058687619,0.3519824511314088,0.3742765843051971,0.2732281918743395,0.2722389948473354,0.2841152046139906,0.7611597761400373,0.7426543265091519,0.7718873339076041,0.0,0.0,0.0,0.0,0.0,0.0,0.2473136759728578,0.2437046084110681,0.2581941419538673,0.0,0.0,0.0
HepG2,E0,50,200,0.3640113058687619,0.3519824511314088,0.3742765843051971,0.2732281918743395,0.2722389948473354,0.2841152046139906,0.7611597761400373,0.7426543265091519,0.7718873339076041,0.0,0.0,0.0,0.0,0.0,0.0,0.2473136759728578,0.2437046084110681,0.2581941419538673,0.0,0.0,0.0
HepG2,E0,100,200,0.3640113058687619,0.3519824511314088,0.3742765843051971,0.2732281918743395,0.2722389948473354,0.2841152046139906,0.7611597761400373,0.7426543265091519,0.7718873339076041,0.0,0.0,0.0,0.0,0.0,0.0,0.2473136759728578,0.2437046084110681,0.2581941419538673,0.0,0.0,0.0
HepG2,E0,200,200,0.3640113058687619,0.3519824511314088,0.3742765843051971,0.2732281918743395,0.2722389948473354,0.2841152046139906,0.7611597761400373,0.7426543265091519,0.7718873339076041,0.0,0.0,0.0,0.0,0.0,0.0,0.2473136759728578,0.2437046084110681,0.2581941419538673,0.0,0.0,0.0
HepG2,E0,743,5,0.3640113058687619,0.3531044568183599,0.3740072073035566,0.2732281918743395,0.27226813994294213,0.283802636730334,0.7611597761400373,0.7426854440461433,0.7712100482420313,0.0,0.0,0.0,0.0,0.0,0.0,0.2473136759728578,0.2440110356729191,0.257570679271196,0.0,0.0,0.0
HepG2,E0s,0,5,0.3574843527368103,0.34277516615233106,0.36289265428788126,0.2650949415712387,0.25961305334647244,0.26889066339625944,0.7245107434669262,0.7119353502498237,0.7306887096874518,0.0,-1.9984014443252818e-16,9.992007221626405e-17,-0.0180379380497883,-0.02082186728633006,-0.01045476703845926,0.2473136759728586,0.2440110356729189,0.25757067927119554,0.0,0.0,0.0
HepG2,E0s,1,200,0.3574843527368103,0.3414571400263864,0.3632652164202601,0.2650949415712387,0.2594083950516973,0.2690582096607803,0.7245107434669262,0.7106538650592347,0.73098032329237,0.0,-2.220446049250313e-16,1.1102230246251563e-16,-0.0180379380497883,-0.0210327067291484,-0.0098164826440487,0.2473136759728586,0.2437046084110678,0.2581941419538668,0.0,0.0,0.0
HepG2,E0s,2,200,0.3574843527368103,0.3414571400263864,0.3632652164202601,0.2650949415712387,0.2594083950516973,0.2690582096607803,0.7245107434669262,0.7106538650592347,0.73098032329237,0.0,-2.220446049250313e-16,1.1102230246251563e-16,-0.0180379380497883,-0.0210327067291484,-0.0098164826440487,0.2473136759728586,0.2437046084110678,0.2581941419538668,0.0,0.0,0.0
HepG2,E0s,5,200,0.3574843527368103,0.3414571400263864,0.3632652164202601,0.2650949415712387,0.2594083950516973,0.2690582096607803,0.7245107434669262,0.7106538650592347,0.73098032329237,0.0,-2.220446049250313e-16,1.1102230246251563e-16,-0.0180379380497883,-0.0210327067291484,-0.0098164826440487,0.2473136759728586,0.2437046084110678,0.2581941419538668,0.0,0.0,0.0
HepG2,E0s,10,200,0.3574843527368103,0.3414571400263864,0.3632652164202601,0.2650949415712387,0.2594083950516973,0.2690582096607803,0.7245107434669262,0.7106538650592347,0.73098032329237,0.0,-2.220446049250313e-16,1.1102230246251563e-16,-0.0180379380497883,-0.0210327067291484,-0.0098164826440487,0.2473136759728586,0.2437046084110678,0.2581941419538668,0.0,0.0,0.0
HepG2,E0s,20,200,0.3574843527368103,0.3414571400263864,0.3632652164202601,0.2650949415712387,0.2594083950516973,0.2690582096607803,0.7245107434669262,0.7106538650592347,0.73098032329237,0.0,-2.220446049250313e-16,1.1102230246251563e-16,-0.0180379380497883,-0.0210327067291484,-0.0098164826440487,0.2473136759728586,0.2437046084110678,0.2581941419538668,0.0,0.0,0.0
HepG2,E0s,50,200,0.3574843527368103,0.3414571400263864,0.3632652164202601,0.2650949415712387,0.2594083950516973,0.2690582096607803,0.7245107434669262,0.7106538650592347,0.73098032329237,0.0,-2.220446049250313e-16,1.1102230246251563e-16,-0.0180379380497883,-0.0210327067291484,-0.0098164826440487,0.2473136759728586,0.2437046084110678,0.2581941419538668,0.0,0.0,0.0
HepG2,E0s,100,200,0.3574843527368103,0.3414571400263864,0.3632652164202601,0.2650949415712387,0.2594083950516973,0.2690582096607803,0.7245107434669262,0.7106538650592347,0.73098032329237,0.0,-2.220446049250313e-16,1.1102230246251563e-16,-0.0180379380497883,-0.0210327067291484,-0.0098164826440487,0.2473136759728586,0.2437046084110678,0.2581941419538668,0.0,0.0,0.0
HepG2,E0s,200,200,0.3574843527368103,0.3414571400263864,0.3632652164202601,0.2650949415712387,0.2594083950516973,0.2690582096607803,0.7245107434669262,0.7106538650592347,0.73098032329237,0.0,-2.220446049250313e-16,1.1102230246251563e-16,-0.0180379380497883,-0.0210327067291484,-0.0098164826440487,0.2473136759728586,0.2437046084110678,0.2581941419538668,0.0,0.0,0.0
HepG2,E0s,743,5,0.3574843527368103,0.34277516615233106,0.36289265428788126,0.2650949415712387,0.25961305334647244,0.26889066339625944,0.7245107434669262,0.7119353502498237,0.7306887096874518,0.0,-1.9984014443252818e-16,9.992007221626405e-17,-0.0180379380497883,-0.02082186728633006,-0.01045476703845926,0.2473136759728586,0.2440110356729189,0.25757067927119554,0.0,0.0,0.0
HepG2,E1,1,200,-1.4681862279003468,-5.147337369503025,-0.19442347927918488,0.2650949415712387,0.2594083950516972,0.2690582096607803,0.7245107434669262,0.7106538650592347,0.73098032329237,0.0,-2.220446049250313e-16,1.1102230246251563e-16,-0.0180379380497883,-0.0210327067291484,-0.0098164826440487,0.2473136759728585,0.2437046084110677,0.2581941419538672,0.0,0.0,0.0
HepG2,E1,2,200,-0.6230562751577599,-1.630986487913491,-0.10883794074719011,0.2650949415712387,0.2594083950516972,0.2690582096607803,0.7245107434669262,0.7106538650592347,0.73098032329237,0.0,-2.220446049250313e-16,1.1102230246251563e-16,-0.0180379380497885,-0.0210327067291484,-0.0098164826440487,0.2473136759728585,0.2437046084110677,0.2581941419538671,0.0,0.0,0.0
HepG2,E1,5,200,0.00120129995554745,-0.40607231884518735,0.13156413941792952,0.2650949415712387,0.2594083950516972,0.2690582096607803,0.7245107434669262,0.7106538650592347,0.73098032329237,0.0,-2.220446049250313e-16,1.1102230246251563e-16,-0.0180379380497883,-0.0210327067291484,-0.0098164826440487,0.2473136759728585,0.2437046084110677,0.2581941419538671,0.0,0.0,0.0
HepG2,E1,10,200,0.19869879533899498,0.01764670978943066,0.2475203215968217,0.2650949415712387,0.2594083950516972,0.2690582096607803,0.7245107434669262,0.7106538650592347,0.73098032329237,0.0,-2.220446049250313e-16,1.1102230246251563e-16,-0.0180379380497883,-0.0210327067291484,-0.0098164826440487,0.2473136759728585,0.2437046084110677,0.2581941419538671,0.0,0.0,0.0
HepG2,E1,20,200,0.2943908125623592,0.21187186796017454,0.3241367093583457,0.2650949415712387,0.2594083950516972,0.2690582096607803,0.7245107434669262,0.7106538650592347,0.73098032329237,0.0,-2.220446049250313e-16,1.1102230246251563e-16,-0.0180379380497884,-0.0210327067291484,-0.0098164826440487,0.2473136759728585,0.2437046084110677,0.2581941419538671,0.0,0.0,0.0
HepG2,E1,50,200,0.35237789083764226,0.32346952169166876,0.36945008491492964,0.2650949415712387,0.2594083950516972,0.2690582096607803,0.7245107434669262,0.7106538650592347,0.73098032329237,0.0,-2.220446049250313e-16,1.1102230246251563e-16,-0.0180379380497883,-0.0210327067291484,-0.0098164826440487,0.2473136759728585,0.2437046084110677,0.258194141953867,0.0,0.0,0.0
HepG2,E1,100,200,0.37398119470911495,0.3508011956727487,0.38777379997443695,0.2650949415712387,0.2594083950516972,0.2690582096607803,0.7245107434669262,0.7106538650592347,0.73098032329237,0.0,-2.220446049250313e-16,1.1102230246251563e-16,-0.0180379380497885,-0.0210327067291484,-0.0098164826440487,0.2473136759728585,0.2437046084110677,0.258194141953867,0.0,0.0,0.0
HepG2,E1,200,200,0.38475512811773893,0.36304417154802615,0.39566536875396296,0.2650949415712387,0.2594083950516972,0.2690582096607803,0.7245107434669262,0.7106538650592347,0.73098032329237,0.0,-2.220446049250313e-16,1.1102230246251563e-16,-0.0180379380497885,-0.0210327067291484,-0.0098164826440487,0.2473136759728585,0.2437046084110677,0.258194141953867,0.0,0.0,0.0
HepG2,E1,743,5,0.3928597028965055,0.3746755497265264,0.39998981507265213,0.2650949415712387,0.25961305334647233,0.26889066339625933,0.7245107434669262,0.7119353502498237,0.7306887096874518,0.0,-1.9984014443252818e-16,0.0,-0.0180379380497885,-0.02082186728633008,-0.01045476703845926,0.2473136759728586,0.24401103567291882,0.25757067927119565,0.0,0.0,0.0
HepG2,E2,1,200,-1.4681862279003468,-5.147337369503025,-0.19442347927918488,0.2650949415712387,0.2594083950516972,0.2690582096607803,0.7245107434669262,0.7106538650592347,0.73098032329237,0.0,-2.220446049250313e-16,1.1102230246251563e-16,-0.0180379380497885,-0.0210327067291484,-0.0098164826440487,0.24731367597285855,0.2437046084110677,0.2581941419538672,0.0,0.0,0.0
HepG2,E2,2,200,-0.6712637254435732,-1.3951088301396237,-0.11184217453192867,0.25876184728116025,-0.06490460017065651,0.3043012749280117,0.7097614761305526,-0.18100696548626255,0.8267756317937044,0.0,-2.220446049250313e-16,1.1102230246251563e-16,-0.0260341485946438,-0.48627127044098356,0.03427968888507171,0.247313675972858,-0.252115380797822,0.2581941419538672,0.0,0.0,0.0
HepG2,E2,5,200,-0.00019079118243502932,-0.28754522908968183,0.14557597981822581,0.2806895611516427,0.14572057024825916,0.30547809502145895,0.7670863002236643,0.4067302249908149,0.8299262711182487,0.0,-2.220446049250313e-16,1.1102230246251563e-16,0.0069461037200954,-0.17434485030422323,0.03551158318409096,0.2473136759728581,0.2437046084110676,0.2581941419538672,0.0,0.0,0.0
HepG2,E2,10,200,0.21661673158877048,0.07353518391142691,0.27126302910187133,0.2900695626087026,0.21289805706914208,0.30712392170757363,0.7958838961394274,0.5786725817096757,0.8343976712833514,0.0,-2.220446049250313e-16,1.1102230246251563e-16,0.01951747222353845,-0.09196768184159862,0.03659571843213117,0.2473136759728581,0.2437046084110676,0.2581941419538672,0.0,0.0,0.0
HepG2,E2,20,200,0.3180818661636804,0.2430675780258296,0.35174528021546536,0.29543608832849666,0.26100721785809805,0.30677538091177897,0.808260626752435,0.7122420114274199,0.8334507517899385,0.0,-2.220446049250313e-16,1.1102230246251563e-16,0.0292522075567847,-0.02172388755467343,0.03702805592795095,0.24731367597285814,0.2437046084110675,0.2581941419538671,0.0,0.0,0.0
HepG2,E2,50,200,0.3796403706760077,0.343832748342918,0.3970004100108875,0.29673436657708474,0.2771095817484505,0.30714629622392703,0.8151495694748769,0.7651899437802122,0.8344584586171339,0.0,-2.220446049250313e-16,1.1102230246251563e-16,0.0309138205987531,0.0023914800400523127,0.03740042759053677,0.247313675972858,0.2437046084110675,0.2581941419538671,0.0,0.0,0.0
HepG2,E2,100,200,0.40160152860644704,0.3747590872611526,0.4163985408460957,0.29732341295933296,0.28877333378638786,0.307203646477019,0.8172590131510168,0.7973549465871105,0.8346142684197744,0.0,-2.220446049250313e-16,1.1102230246251563e-16,0.03140552083796855,0.021197341218311905,0.03733756274087552,0.24731367597285814,0.2437046084110675,0.2581941419538671,0.0,0.0,0.0
HepG2,E2,200,200,0.41201140360197985,0.391068989606142,0.4244027835404986,0.2981228998336872,0.29247542605043897,0.30724748376641126,0.8219295435307639,0.7995943503194777,0.8347333660530062,0.0,-2.220446049250313e-16,1.1102230246251563e-16,0.03161611341603255,0.02660015483476715,0.03662011947374412,0.2473136759728581,0.2437046084110676,0.2581941419538671,0.0,0.0,0.0
HepG2,E2,743,5,0.4206045320104215,0.4026977382610406,0.4288369081600326,0.2979114330718335,0.2948912116238465,0.30624739792535116,0.8231170705154914,0.8065861894915635,0.8322019777092491,0.0,-1.9984014443252818e-16,9.992007221626405e-17,0.031346745542364,0.03057150663890146,0.03494846341216074,0.2473136759728581,0.24401103567291885,0.25757067927119526,0.0,0.0,0.0
HepG2,E3,1,200,-1.468185992937318,-5.147337297972939,-0.19442347964523254,0.2650949413805866,0.2594083926376658,0.26905821220379256,0.7245107431871723,0.7106538632253436,0.7309803254653732,-4.551392596141568e-11,-1.2241642277643904e-08,1.4273270129705475e-08,-0.0180379386583426,-0.02103270887862695,-0.009816479633873169,0.24731367664260268,0.2437046055867405,0.2581941473443797,-0.0002878684387761,-0.016724904104895535,0.0192312940774512
HepG2,E3,2,200,-0.6153299042728698,-1.5542466935492425,-0.09415424432343752,0.26474582365746774,0.2519122119003164,0.2807295997715735,0.7271152014086418,0.7077299397904729,0.7505878544145227,-0.00067608669210325,-0.01339963198869878,0.012609241310566002,-0.016280019740340053,-0.03196656415125004,0.006504719369536067,0.24706771778246484,0.23321430277195254,0.260134914192618,0.01150238975585415,-0.014239139135573727,0.046723615188685855
HepG2,E3,5,200,0.02537469781661025,-0.31465881522294503,0.14168200463527153,0.2721831477830232,0.2197363429199,0.317697380146995,0.7429287995370635,0.708287708337033,0.8215383623077344,0.0023513178034762503,-0.05269895838834438,0.032199932208330055,-0.0087923227711007,-0.07579420163389257,0.05332296929580376,0.2482613301947061,0.20964378615233706,0.26046444589913037,0.039483311897184,-0.0069595053356933485,0.07053645946772133
HepG2,E3,10,200,0.2189930461765954,0.07113102465354763,0.27571116085139025,0.2914390813597796,0.24089286888564843,0.31835623907048144,0.7676625016626089,0.7115916775140024,0.8188788874046108,0.016378009234437697,-0.029357077994050032,0.04656753551654592,0.021118793686524598,-0.04354526134743985,0.058176172189253354,0.25345292240415934,0.22255226915558418,0.26854248525911484,0.0579117533435773,0.009687702782283251,0.0797605369457576
HepG2,E3,20,200,0.32213614231937654,0.2437813986787774,0.3599670730070198,0.3013153298429426,0.22869247108727236,0.324177219794007,0.7708226925004222,0.7219566243548107,0.8480109474489653,0.03237557345934325,-0.12025271530272823,0.05245849004150499,0.032968187110414354,-0.06432191377363793,0.06240821077927977,0.25881370571905216,0.2267417837526524,0.27291394168151256,0.07644195498828779,0.03874729895864027,0.09200841730658534
HepG2,E3,50,200,0.39594442806202773,0.3649962039989316,0.4231049491980396,0.3210516530068398,0.2918069875459029,0.344355134643568,0.8342275754546078,0.7499155811572712,0.8595711581999006,0.03395538515498165,0.006851397879771675,0.049715881540691065,0.0633757225179098,0.023757429594113928,0.09075805980896709,0.2598453388815914,0.24371571598012973,0.2723041077782456,0.09164080428631985,0.07907722081912576,0.10334126612938037
HepG2,E3,100,200,0.44732685593510824,0.42259180110622363,0.4641936782087818,0.35732690158073477,0.33764081529767864,0.3713041891069071,0.8427910328699482,0.8135185043375103,0.8582080240775406,0.078720649797306,0.06161381580502253,0.0923732512395131,0.11257506242950799,0.08950253535514983,0.12752546914883936,0.2694018331519594,0.25809149282509497,0.2796699527187863,0.1057711323964491,0.09470694949934286,0.11725653054844369
HepG2,E3,200,200,0.4708849469202821,0.4495866549138339,0.48662331128367603,0.37391364506215585,0.35758231096442006,0.3860248688219223,0.844913212152504,0.8221909708004447,0.8587060489900399,0.1035743168888226,0.0895485350430989,0.1123529382834922,0.134634718876817,0.1169146731576236,0.1465861513816984,0.27799184228239215,0.2659097685665424,0.28713430608584783,0.1177706286763586,0.11063186523116827,0.12934436799802632
HepG2,E3,743,5,0.4956795082378206,0.48086873201114877,0.5051605896197549,0.395977388709238,0.3912172820973834,0.4039567462994948,0.86176208905244,0.8456539339673513,0.8697203821628626,0.1289231202709422,0.12742345408786543,0.13295575759353762,0.1653491475219604,0.16242714776004596,0.1698271805510677,0.2806560810358185,0.2735430446804229,0.2873658380006616,0.1286827434599433,0.12457936873289911,0.13437430329808683
HepG2,E4,1,200,-1.4681862279003468,-5.147337369503025,-0.19442347927918488,0.2650949415712387,0.2594083950516972,0.2690582096607803,0.7245107434669262,0.7106538650592347,0.73098032329237,0.0,-2.220446049250313e-16,1.1102230246251563e-16,-0.0180379380497885,-0.0210327067291484,-0.0098164826440487,0.24731367597285855,0.2437046084110677,0.2581941419538672,0.0,0.0,0.0
HepG2,E4,2,200,-0.6708689158812953,-1.3944800503035943,-0.11148804741892626,0.2590157985864372,-0.06500210532652195,0.3044564269012354,0.7097414725835155,-0.18121947574269542,0.826796382102884,0.00016833157216155,-0.00010636472361585749,0.001984409764742868,-0.025867920815952752,-0.48639413424137445,0.03427025520409455,0.24732708739227324,-0.2523717469313188,0.25840855801245033,0.01603288320279905,-0.025612293899769382,0.08001355412258679
HepG2,E4,5,200,0.00171252001287005,-0.2804814949792166,0.16189402955435647,0.26589162013977496,0.11054504157033922,0.311734031122905,0.7684549749244103,0.31235329530053757,0.8327884235722418,0.00045014292608070003,-0.1349078623540128,0.061307354688926126,-0.0148000059630919,-0.24242088530013478,0.0512652541433377,0.25028818858329677,0.21900258699944675,0.2667355845688647,0.04845317395985285,-0.005976410836142662,0.0934031317718307
HepG2,E4,10,200,0.23014390928588074,0.09391100699838906,0.300230869254212,0.30276993914647954,0.2161353106759926,0.3515259741462446,0.7932604451907106,0.5490929440800337,0.836087787810971,0.01884509434320385,-0.03406495490927248,0.09856094958121915,0.034562826462147755,-0.09160754833669828,0.09834246781769872,0.25433887106631803,0.24293541764931814,0.27598376542042463,0.0713784246464807,0.008054133872710464,0.11087767851375074
HepG2,E4,20,200,0.34769958581513155,0.28747861537109015,0.4013300477082071,0.32814844534567555,0.2679614804994517,0.3782534400382943,0.8140527870674882,0.6784631358445409,0.8467721160981894,0.0493439833168979,0.0024435359460094953,0.13646060328965,0.07203793913419915,-0.007749363733420692,0.14532978545287709,0.2641603009395004,0.247145139924992,0.28283412975895716,0.09585796816112975,0.055630606882439586,0.12394004181625662
HepG2,E4,50,200,0.45281215481344417,0.3997098111723244,0.48404541616336405,0.38869332076457164,0.3356952995691102,0.4169109918037253,0.8246989436530561,0.7363103267200143,0.8550490094507232,0.1414117788500238,0.06864211234617702,0.19075851833980104,0.15324519509840273,0.08172635492405221,0.19431626052831003,0.27646305633571483,0.2620482638993293,0.2894261112013056,0.126320873183034,0.10817687511139065,0.14492857533320216
HepG2,E4,100,200,0.5089888842404232,0.46144397964468575,0.5347720076667326,0.4358443886256384,0.3811402388028798,0.4610435874220339,0.8293334661816427,0.7792851155974301,0.8615145252799027,0.21289651417601402,0.12114034880241491,0.24819825643417587,0.22062272082552897,0.14737960282196244,0.2517830634194331,0.28623549419085403,0.2741905661084031,0.30066008254200705,0.1501187452817565,0.13225536416594222,0.1643243429079154
HepG2,E4,200,200,0.5550176639933102,0.5254646484171994,0.5729720631584371,0.48128256513768186,0.4579439311813512,0.4979013095890793,0.8332208384884975,0.7963088787573168,0.8630489341410769,0.27805752287426755,0.24009063564443603,0.3020099711480902,0.28307023155482075,0.25415744680490393,0.303508698757189,0.299577829146757,0.28420658211683797,0.3104200731389473,0.1709411957059681,0.1564338174573345,0.1836675439023289
HepG2,E4,743,5,0.6207128063838736,0.606668009287895,0.6285660904976199,0.5583857827068968,0.5527201914085438,0.5662002990594783,0.8432283583666307,0.8280690589268309,0.8566172733675023,0.3966823301327116,0.38951484941105985,0.40086682993162676,0.3889895397331632,0.38509773852594054,0.3947236055997056,0.3210336246999792,0.31300520228091533,0.3237905079865707,0.2037166554362599,0.20274650251483484,0.20593332459762598
Jurkat,E0,0,5,0.238050542959084,0.21544511499897034,0.2589740224151743,0.1839190251966587,0.16428350661859928,0.19304475388639072,0.5396215493323581,0.5021714703549482,0.5699238332271828,0.0,-1.9984014443252818e-16,9.992007221626405e-17,0.0,0.0,0.0,0.2338644949981504,0.22738894840186924,0.24339002993443007,0.0,0.0,0.0
Jurkat,E0,1,200,0.238050542959084,0.213084043180078,0.2590353130448244,0.1839190251966587,0.1627476177701311,0.1932299332088323,0.5396215493323581,0.4982576139252229,0.5703850391957572,0.0,-2.220446049250313e-16,1.1102230246251563e-16,0.0,0.0,0.0,0.2338644949981504,0.2271209710845991,0.2438464928102607,0.0,0.0,0.0
Jurkat,E0,2,200,0.238050542959084,0.213084043180078,0.2590353130448244,0.1839190251966587,0.1627476177701311,0.1932299332088323,0.5396215493323581,0.4982576139252229,0.5703850391957572,0.0,-2.220446049250313e-16,1.1102230246251563e-16,0.0,0.0,0.0,0.2338644949981504,0.2271209710845991,0.2438464928102607,0.0,0.0,0.0
Jurkat,E0,5,200,0.238050542959084,0.213084043180078,0.2590353130448244,0.1839190251966587,0.1627476177701311,0.1932299332088323,0.5396215493323581,0.4982576139252229,0.5703850391957572,0.0,-2.220446049250313e-16,1.1102230246251563e-16,0.0,0.0,0.0,0.2338644949981504,0.2271209710845991,0.2438464928102607,0.0,0.0,0.0
Jurkat,E0,10,200,0.238050542959084,0.213084043180078,0.2590353130448244,0.1839190251966587,0.1627476177701311,0.1932299332088323,0.5396215493323581,0.4982576139252229,0.5703850391957572,0.0,-2.220446049250313e-16,1.1102230246251563e-16,0.0,0.0,0.0,0.2338644949981504,0.2271209710845991,0.2438464928102607,0.0,0.0,0.0
Jurkat,E0,20,200,0.238050542959084,0.213084043180078,0.2590353130448244,0.1839190251966587,0.1627476177701311,0.1932299332088323,0.5396215493323581,0.4982576139252229,0.5703850391957572,0.0,-2.220446049250313e-16,1.1102230246251563e-16,0.0,0.0,0.0,0.2338644949981504,0.2271209710845991,0.2438464928102607,0.0,0.0,0.0
Jurkat,E0,50,200,0.238050542959084,0.213084043180078,0.2590353130448244,0.1839190251966587,0.1627476177701311,0.1932299332088323,0.5396215493323581,0.4982576139252229,0.5703850391957572,0.0,-2.220446049250313e-16,1.1102230246251563e-16,0.0,0.0,0.0,0.2338644949981504,0.2271209710845991,0.2438464928102607,0.0,0.0,0.0
Jurkat,E0,100,200,0.238050542959084,0.213084043180078,0.2590353130448244,0.1839190251966587,0.1627476177701311,0.1932299332088323,0.5396215493323581,0.4982576139252229,0.5703850391957572,0.0,-2.220446049250313e-16,1.1102230246251563e-16,0.0,0.0,0.0,0.2338644949981504,0.2271209710845991,0.2438464928102607,0.0,0.0,0.0
Jurkat,E0,200,200,0.238050542959084,0.213084043180078,0.2590353130448244,0.1839190251966587,0.1627476177701311,0.1932299332088323,0.5396215493323581,0.4982576139252229,0.5703850391957572,0.0,-2.220446049250313e-16,1.1102230246251563e-16,0.0,0.0,0.0,0.2338644949981504,0.2271209710845991,0.2438464928102607,0.0,0.0,0.0
Jurkat,E0,743,5,0.238050542959084,0.21544511499897034,0.2589740224151743,0.1839190251966587,0.16428350661859928,0.19304475388639072,0.5396215493323581,0.5021714703549482,0.5699238332271828,0.0,-1.9984014443252818e-16,9.992007221626405e-17,0.0,0.0,0.0,0.2338644949981504,0.22738894840186924,0.24339002993443007,0.0,0.0,0.0
Jurkat,E0s,0,5,0.2921556973520247,0.2740321013299054,0.3053470022269017,0.2445277238731055,0.23298604934831207,0.24982351926010274,0.7228995898891781,0.7121725934318002,0.7369978303282823,0.0,-1.9984014443252818e-16,9.992007221626405e-17,0.0704739048232767,0.06619100723986215,0.08303298301500718,0.2338644949981503,0.22738894840186938,0.24339002993443073,0.0,0.0,0.0
Jurkat,E0s,1,200,0.2921556973520247,0.2727527742988834,0.3057085387445293,0.2445277238731055,0.2326479937083599,0.2499883535372699,0.7228995898891781,0.7121628706696409,0.7379271651288908,0.0,-2.220446049250313e-16,1.1102230246251563e-16,0.0704739048232767,0.0657286013609186,0.0834878197086306,0.2338644949981503,0.2271209710845993,0.2438464928102614,0.0,0.0,0.0
Jurkat,E0s,2,200,0.2921556973520247,0.2727527742988834,0.3057085387445293,0.2445277238731055,0.2326479937083599,0.2499883535372699,0.7228995898891781,0.7121628706696409,0.7379271651288908,0.0,-2.220446049250313e-16,1.1102230246251563e-16,0.0704739048232767,0.0657286013609186,0.0834878197086306,0.2338644949981503,0.2271209710845993,0.2438464928102614,0.0,0.0,0.0
Jurkat,E0s,5,200,0.2921556973520247,0.2727527742988834,0.3057085387445293,0.2445277238731055,0.2326479937083599,0.2499883535372699,0.7228995898891781,0.7121628706696409,0.7379271651288908,0.0,-2.220446049250313e-16,1.1102230246251563e-16,0.0704739048232767,0.0657286013609186,0.0834878197086306,0.2338644949981503,0.2271209710845993,0.2438464928102614,0.0,0.0,0.0
Jurkat,E0s,10,200,0.2921556973520247,0.2727527742988834,0.3057085387445293,0.2445277238731055,0.2326479937083599,0.2499883535372699,0.7228995898891781,0.7121628706696409,0.7379271651288908,0.0,-2.220446049250313e-16,1.1102230246251563e-16,0.0704739048232767,0.0657286013609186,0.0834878197086306,0.2338644949981503,0.2271209710845993,0.2438464928102614,0.0,0.0,0.0
Jurkat,E0s,20,200,0.2921556973520247,0.2727527742988834,0.3057085387445293,0.2445277238731055,0.2326479937083599,0.2499883535372699,0.7228995898891781,0.7121628706696409,0.7379271651288908,0.0,-2.220446049250313e-16,1.1102230246251563e-16,0.0704739048232767,0.0657286013609186,0.0834878197086306,0.2338644949981503,0.2271209710845993,0.2438464928102614,0.0,0.0,0.0
Jurkat,E0s,50,200,0.2921556973520247,0.2727527742988834,0.3057085387445293,0.2445277238731055,0.2326479937083599,0.2499883535372699,0.7228995898891781,0.7121628706696409,0.7379271651288908,0.0,-2.220446049250313e-16,1.1102230246251563e-16,0.0704739048232767,0.0657286013609186,0.0834878197086306,0.2338644949981503,0.2271209710845993,0.2438464928102614,0.0,0.0,0.0
Jurkat,E0s,100,200,0.2921556973520247,0.2727527742988834,0.3057085387445293,0.2445277238731055,0.2326479937083599,0.2499883535372699,0.7228995898891781,0.7121628706696409,0.7379271651288908,0.0,-2.220446049250313e-16,1.1102230246251563e-16,0.0704739048232767,0.0657286013609186,0.0834878197086306,0.2338644949981503,0.2271209710845993,0.2438464928102614,0.0,0.0,0.0
Jurkat,E0s,200,200,0.2921556973520247,0.2727527742988834,0.3057085387445293,0.2445277238731055,0.2326479937083599,0.2499883535372699,0.7228995898891781,0.7121628706696409,0.7379271651288908,0.0,-2.220446049250313e-16,1.1102230246251563e-16,0.0704739048232767,0.0657286013609186,0.0834878197086306,0.2338644949981503,0.2271209710845993,0.2438464928102614,0.0,0.0,0.0
Jurkat,E0s,743,5,0.2921556973520247,0.2740321013299054,0.3053470022269017,0.2445277238731055,0.23298604934831207,0.24982351926010274,0.7228995898891781,0.7121725934318002,0.7369978303282823,0.0,-1.9984014443252818e-16,9.992007221626405e-17,0.0704739048232767,0.06619100723986215,0.08303298301500718,0.2338644949981503,0.22738894840186938,0.24339002993443073,0.0,0.0,0.0
Jurkat,E1,1,200,-1.3540467105212046,-5.128841410689873,-0.13868999238375926,0.2445277238731055,0.2326479937083599,0.2499883535372699,0.7228995898891781,0.7121628706696409,0.7379271651288908,0.0,-2.220446049250313e-16,3.3306690738754696e-16,0.0704739048232767,0.0657286013609185,0.0834878197086306,0.2338644949981502,0.2271209710845992,0.2438464928102614,0.0,0.0,0.0
Jurkat,E1,2,200,-0.5854584220374905,-1.4909071570837373,-0.10399716676369367,0.2445277238731055,0.2326479937083599,0.2499883535372699,0.7228995898891781,0.7121628706696409,0.7379271651288908,0.0,-2.220446049250313e-16,3.3306690738754696e-16,0.0704739048232767,0.0657286013609185,0.0834878197086306,0.2338644949981502,0.2271209710845992,0.2438464928102614,0.0,0.0,0.0
Jurkat,E1,5,200,-0.0513914510149696,-0.39857578709858293,0.12641695217051935,0.2445277238731055,0.2326479937083599,0.2499883535372699,0.7228995898891781,0.7121628706696409,0.7379271651288908,0.0,-2.220446049250313e-16,3.3306690738754696e-16,0.0704739048232767,0.0657286013609185,0.0834878197086306,0.2338644949981502,0.2271209710845992,0.2438464928102613,0.0,0.0,0.0
Jurkat,E1,10,200,0.1663046105732553,0.014150193394367306,0.2244781590571313,0.2445277238731055,0.2326479937083599,0.2499883535372699,0.7228995898891781,0.7121628706696409,0.7379271651288908,0.0,-2.220446049250313e-16,3.3306690738754696e-16,0.0704739048232767,0.0657286013609185,0.0834878197086306,0.23386449499815026,0.2271209710845992,0.2438464928102614,0.0,0.0,0.0
Jurkat,E1,20,200,0.26081440936777694,0.17226960770816147,0.2996426882485837,0.2445277238731055,0.2326479937083599,0.2499883535372699,0.7228995898891781,0.7121628706696409,0.7379271651288908,0.0,-2.220446049250313e-16,1.1102230246251563e-16,0.0704739048232767,0.0657286013609185,0.0834878197086306,0.2338644949981502,0.2271209710845992,0.2438464928102613,0.0,0.0,0.0
Jurkat,E1,50,200,0.31798146334929994,0.2803731635328192,0.34028122210656364,0.2445277238731055,0.2326479937083599,0.2499883535372699,0.7228995898891781,0.7121628706696409,0.7379271651288908,0.0,-2.220446049250313e-16,1.1657341758564267e-16,0.0704739048232767,0.0657286013609185,0.0834878197086306,0.2338644949981502,0.2271209710845992,0.2438464928102614,0.0,0.0,0.0
Jurkat,E1,100,200,0.33844886219805126,0.3124199152996809,0.35847013598431654,0.2445277238731055,0.2326479937083599,0.2499883535372699,0.7228995898891781,0.7121628706696409,0.7379271651288908,0.0,-2.220446049250313e-16,1.1102230246251563e-16,0.0704739048232767,0.0657286013609185,0.0834878197086306,0.2338644949981502,0.2271209710845993,0.2438464928102614,0.0,0.0,0.0
Jurkat,E1,200,200,0.34983856184756923,0.32519396112249604,0.3667096388945118,0.2445277238731055,0.2326479937083599,0.2499883535372699,0.7228995898891781,0.7121628706696409,0.7379271651288908,0.0,-2.220446049250313e-16,1.1657341758564267e-16,0.0704739048232767,0.0657286013609185,0.0834878197086306,0.2338644949981502,0.2271209710845992,0.2438464928102613,0.0,0.0,0.0
Jurkat,E1,743,5,0.35727964464805,0.33598292198699786,0.37187200529122594,0.2445277238731054,0.23298604934831207,0.24982351926010274,0.7228995898891781,0.7121725934318002,0.7369978303282823,0.0,-1.9984014443252818e-16,9.992007221626405e-17,0.0704739048232767,0.06619100723986206,0.08303298301500718,0.2338644949981503,0.2273889484018693,0.24339002993443062,0.0,0.0,0.0
Jurkat,E2,1,200,-1.3540467105212046,-5.128841410689873,-0.13868999238375926,0.2445277238731055,0.2326479937083599,0.2499883535372699,0.722899589889178,0.7121628706696409,0.7379271651288908,0.0,-2.220446049250313e-16,3.3306690738754696e-16,0.0704739048232767,0.0657286013609185,0.0834878197086306,0.2338644949981502,0.2271209710845992,0.2438464928102614,0.0,0.0,0.0
Jurkat,E2,2,200,-0.6559441656531582,-1.5224944099736153,-0.16677220109632573,0.19328390540343343,-0.07905129413019993,0.25724541531909295,0.5810689586635023,-0.23388332968618436,0.7582612479806091,0.0,-2.220446049250313e-16,1.1102230246251563e-16,0.015208664411738099,-0.33387324682839664,0.08976886544501046,0.2338644949981501,-0.23939597977091173,0.2438464928102614,0.0,0.0,0.0
Jurkat,E2,5,200,-0.0577572727493159,-0.39198246462102687,0.10941582327218978,0.2357871739829239,0.10546262462958039,0.26131695405759475,0.6994959023344731,0.3097994976649905,0.7713674512404387,0.0,-2.220446049250313e-16,1.1102230246251563e-16,0.06311666329554524,-0.09587390227210474,0.09224268237038034,0.23386449499815026,0.2271209710845992,0.2438464928102615,0.0,0.0,0.0
Jurkat,E2,10,200,0.15802413434909696,0.026009565138946488,0.2238064261309242,0.23935147208242555,0.17278172696313895,0.25978843323605905,0.7222975877110541,0.5160512422591814,0.7668554929003152,0.0,-2.220446049250313e-16,1.1102230246251563e-16,0.0741166783487862,-0.008804031957545005,0.09162021954577382,0.23386449499815035,0.2271209710845993,0.2438464928102615,0.0,0.0,0.0
Jurkat,E2,20,200,0.26307675518231266,0.17480061212046782,0.30511643461352916,0.24445189380825785,0.2149914999841288,0.26112192594114914,0.7343476554377122,0.6364075140658517,0.7707917582409334,0.0,-2.220446049250313e-16,1.1102230246251563e-16,0.07903139759214556,0.04441625085691793,0.09250591796266006,0.2338644949981502,0.2271209710845991,0.2438464928102613,0.0,0.0,0.0
Jurkat,E2,50,200,0.32394801486556457,0.28198054454634075,0.34848501378719077,0.25155298244556396,0.23080995635583632,0.26129956230293533,0.7419938216407207,0.6877843048139327,0.771316113455975,0.0,-2.220446049250313e-16,1.1102230246251563e-16,0.08184356048467414,0.05699735403073169,0.09213208204576576,0.2338644949981504,0.2271209710845992,0.2438464928102614,0.0,0.0,0.0
Jurkat,E2,100,200,0.34590719339328385,0.3094423619356414,0.3672749030729621,0.2537786819484018,0.23176788135641593,0.26135811489240973,0.7485334904449611,0.7095656030569923,0.7714889516932384,0.0,-2.220446049250313e-16,1.1102230246251563e-16,0.08251787450800625,0.07218944881136846,0.0926273834782236,0.2338644949981502,0.2271209710845991,0.2438464928102614,0.0,0.0,0.0
Jurkat,E2,200,200,0.35706184919028316,0.32944522736112053,0.3754899361126314,0.2554351561362231,0.2369259435745429,0.2613268539615309,0.7530017856197344,0.7230609739770079,0.7713966742340029,0.0,-2.220446049250313e-16,1.1102230246251563e-16,0.08360725865333934,0.07509692003838143,0.09246690232344257,0.2338644949981503,0.2271209710845992,0.2438464928102614,0.0,0.0,0.0
Jurkat,E2,743,5,0.3650639295556781,0.3417531064568432,0.38108606572663073,0.2560058636154594,0.23987889214234887,0.2607956581659017,0.7560573807221153,0.7333116501692555,0.7694467461625317,0.0,-1.9984014443252818e-16,1.1102230246251563e-16,0.0841765941496379,0.08011663798629344,0.09129359951441657,0.2338644949981503,0.22738894840186935,0.2433900299344306,0.0,0.0,0.0
Jurkat,E3,1,200,-1.354046719237664,-5.128841343957016,-0.13868997059161567,0.24452772384305366,0.23264799325715388,0.2499883542669758,0.7228995899736442,0.7121628694397402,0.7379271658371683,4.9309445415701695e-12,-8.267209172796441e-09,5.619821857871799e-09,0.07047390486627185,0.06572859992671128,0.08348782081688942,0.23386449483820243,0.2271209688190605,0.24384649609379766,0.0002017642475504,-0.009070585270324923,0.007640567972741626
Jurkat,E3,2,200,-0.5793452822580581,-1.4564296312705711,-0.10547616541289463,0.24398288280266162,0.22937699230852593,0.25596742800571004,0.7231467399019987,0.7095988103479008,0.7457864135863297,-0.0006437728251409999,-0.006167362006919898,0.00798358241340332,0.07391664202329135,0.061794631774746644,0.08871574059753323,0.23380074551141067,0.2241816034475811,0.2450806405134132,0.01129153206674245,-0.0036635271566312698,0.036000380145474804
Jurkat,E3,5,200,-0.03353400444054095,-0.35000565079091744,0.13017092506811734,0.24000025443431539,0.2072886981663109,0.2630368441452866,0.7335085630555533,0.7070742774679054,0.7696604504137091,-0.00552681880677635,-0.055938472181636875,0.012181672874287647,0.07192058910602375,0.027533678066773256,0.09816476447346796,0.2292399427615967,0.20566584831080814,0.24504210325935222,0.0310083578850631,0.0080212496421661,0.05295316861038653
Jurkat,E3,10,200,0.18097761026218556,0.05086639564373901,0.2425301396592036,0.25415715891987994,0.23473268932970193,0.27846384747320885,0.7382883144668695,0.7117202912778996,0.7717479185597423,0.00951225414202295,-0.005379025817750955,0.03042760428647959,0.08982098160436874,0.06775986542133647,0.11594665001147245,0.2387947827953697,0.22292545873365682,0.2492833476686798,0.04564307639611265,0.02039440280979719,0.06992978179185717
Jurkat,E3,20,200,0.2804949436536879,0.2001353954031438,0.3169880082028657,0.26572278723266485,0.23529520505548793,0.28553420487565306,0.7415271533181537,0.7134962166905094,0.7732850155064662,0.02589119294089525,0.00250484715965742,0.039170546988071764,0.10236229398525284,0.06821342749934606,0.12139013597817658,0.2456604904563145,0.2285516726118684,0.25606929729460687,0.06568652278567115,0.04192079564620805,0.08523629095909861
Jurkat,E3,50,200,0.3463006217852088,0.29874293914663946,0.3726238927333881,0.2739135272064548,0.2540107104869973,0.29296950439852476,0.7677299158179859,0.7243035751671958,0.817369114437481,0.02766554556691625,-0.005263981646284085,0.039330029810609735,0.11147768068453501,0.09320356298548808,0.13235549348076597,0.2453120725185521,0.23255617015354105,0.2583284695630908,0.08931502326354115,0.07237052009155977,0.10172198122297389
Jurkat,E3,100,200,0.39233999444392004,0.36335951023645724,0.41292058017865224,0.3053916646200636,0.2863791804256305,0.32012984145683715,0.7927114783913078,0.7690982345462132,0.8173675148973298,0.058979952688450646,0.044849910040797414,0.06960480727996335,0.15016279345237027,0.13387041879617112,0.16342112868103678,0.25664353354098046,0.2439145180875579,0.26587952466416587,0.10408776850905435,0.08945576472684037,0.1143740973180034
Jurkat,E3,200,200,0.4175836705238217,0.390566420587198,0.43690404047854026,0.32449557723121414,0.30690721192201653,0.3365796461221437,0.7961678739683391,0.7761782398936625,0.8192336422116134,0.08467977005332075,0.0760930898506335,0.09154927891841862,0.17252040899001608,0.1600267032993802,0.18437652231658697,0.26577168042982524,0.25940273710014106,0.2749973547004835,0.1198119688489258,0.1115062206082619,0.1266530685971624
Jurkat,E3,743,5,0.4462150895320395,0.422684594587882,0.4612467708153184,0.3498099203264839,0.33556045576580057,0.3586664530523928,0.8233941579924212,0.8048281495558277,0.8386846834758725,0.1104293703320924,0.10716277546208988,0.11251405052211545,0.2055296086200919,0.19629510587464954,0.20939317508540575,0.273079022108581,0.26924490979903143,0.276801407389773,0.1343376372873438,0.13191761492430892,0.13707977742756872
Jurkat,E4,1,200,-1.3540467105212046,-5.128841410689873,-0.13868999238375926,0.2445277238731055,0.2326479937083599,0.2499883535372699,0.722899589889178,0.7121628706696409,0.7379271651288908,0.0,-2.220446049250313e-16,3.3306690738754696e-16,0.0704739048232767,0.0657286013609185,0.0834878197086306,0.2338644949981502,0.2271209710845992,0.2438464928102614,0.0,0.0,0.0
Jurkat,E4,2,200,-0.6559813383232604,-1.5220987229555645,-0.16675380859122266,0.19375377720916326,-0.07918588897176332,0.25800233762663666,0.5811016183260143,-0.23430484053352496,0.7582863783040973,0.00015032587911255,-3.8184211350128505e-05,0.0017018847993707832,0.015368978997308349,-0.3340396931886644,0.09004283855657305,0.23386573014918044,-0.23898138849781908,0.24484351914125504,0.01684103708499085,-0.018341214259689764,0.06870588547238968
Jurkat,E4,5,200,-0.0620772084401426,-0.4174147636905587,0.1183760034529261,0.2133633897727226,-0.00021296110854880437,0.26206680823185,0.7004455897236722,0.2231380175305047,0.7741293967743318,0.00013429244412805,-0.18790713287276709,0.030173743019559857,0.03993569804898395,-0.19541674846759693,0.10093923376326185,0.23250787854731314,0.13463861210249448,0.2553008626435342,0.03853495115287745,0.0026273292423159788,0.0853857838827184
Jurkat,E4,10,200,0.1673361018987924,0.030093555586931685,0.2444855615791634,0.24263842794255142,0.13166493353807351,0.28855617860476945,0.7251584141486314,0.4969433868294666,0.779453103228284,0.0051964134889962,-0.12866886991110127,0.057545996518145785,0.07626801177716275,-0.06410082985410512,0.1330899036342762,0.24085481377159765,0.20408325904005223,0.2589205533859144,0.05945650136562085,0.013009715789563992,0.10128544875844102
Jurkat,E4,20,200,0.29174635573950186,0.20518217473784317,0.3514745206372542,0.27360332174072843,0.2213418585473923,0.3180996207159817,0.7461508215394224,0.6416156376997274,0.7970476260264032,0.0333795965944009,0.0016921089219956399,0.0875036854233496,0.109926933303331,0.053781439865020854,0.1642748758570988,0.24935960396185705,0.2258727869065075,0.2710275466588499,0.0859535759522576,0.04599983659875958,0.11884032922751733
Jurkat,E4,50,200,0.3872112184304295,0.3361120023432853,0.42284601673366196,0.3231422817402486,0.275109350723531,0.35811326977148455,0.7745523701675587,0.6983634913469966,0.8090990408622295,0.0971358496174058,0.04437578661070137,0.1340845743045782,0.17343042960074645,0.11568714068140643,0.21154461205449684,0.26570526427843877,0.24461650062210358,0.2820944969858613,0.12269935432014455,0.09192566909792697,0.14594181975341167
Jurkat,E4,100,200,0.44832415859842933,0.40481182107718744,0.47530927151416996,0.37112225325944215,0.33696935494962305,0.39839122655419396,0.798682710588051,0.7476385024386325,0.8312952532952439,0.15833640048434494,0.11721502927859138,0.1885606516966111,0.23186611610436875,0.19495561638171277,0.2654307768699123,0.28121152590095466,0.2632283366975047,0.29465634743963665,0.1465841750804357,0.12566836285818092,0.16443898420790826
Jurkat,E4,200,200,0.4952444845573566,0.4611222436863161,0.5215948280558771,0.41855920878270714,0.3904382933311873,0.4428209095596107,0.8154711920787874,0.7748643054777687,0.8494638077317879,0.21870028440074024,0.19383249524042245,0.24347134909349394,0.2891493206785514,0.26423816390341787,0.31518322224539447,0.29360860630874763,0.2802433932678095,0.30440492565287464,0.1664608225423413,0.1537764962037375,0.17896700060028586
Jurkat,E4,743,5,0.5735448282342719,0.5555375483887744,0.584749700206718,0.5070388889274665,0.4938162930277029,0.5160287033697886,0.8551971600190753,0.8380526517958332,0.8728057431254604,0.3281870838550599,0.3264710020162974,0.33502724195752864,0.394866410778854,0.38934023591265754,0.40239663022237887,0.3103750767601384,0.30706389291513403,0.3117074593980346,0.1933231281116371,0.1874513874357187,0.19764276223681498
K562,E0,0,5,0.0937766606287968,0.08538090893624718,0.1077836276760465,0.1341927432805717,0.11823470606764885,0.13574477904538326,0.3599566180058374,0.3187400771860281,0.3607616846080873,0.0,-1.9984014443252818e-16,0.0,0.0,0.0,0.0,0.2228811812946719,0.21566884497009914,0.22896864968794586,0.0,0.0,0.0
K562,E0,1,200,0.0937766606287968,0.0847660951764009,0.108577838951376,0.1341927432805717,0.1174411591776594,0.135888599623693,0.3599566180058374,0.3171211558238334,0.3608134072118588,0.0,-2.220446049250313e-16,0.0,0.0,0.0,0.0,0.2228811812946719,0.215131176593035,0.2292740744199797,0.0,0.0,0.0
K562,E0,2,200,0.0937766606287968,0.0847660951764009,0.108577838951376,0.1341927432805717,0.1174411591776594,0.135888599623693,0.3599566180058374,0.3171211558238334,0.3608134072118588,0.0,-2.220446049250313e-16,0.0,0.0,0.0,0.0,0.2228811812946719,0.215131176593035,0.2292740744199797,0.0,0.0,0.0
K562,E0,5,200,0.0937766606287968,0.0847660951764009,0.108577838951376,0.1341927432805717,0.1174411591776594,0.135888599623693,0.3599566180058374,0.3171211558238334,0.3608134072118588,0.0,-2.220446049250313e-16,0.0,0.0,0.0,0.0,0.2228811812946719,0.215131176593035,0.2292740744199797,0.0,0.0,0.0
K562,E0,10,200,0.0937766606287968,0.0847660951764009,0.108577838951376,0.1341927432805717,0.1174411591776594,0.135888599623693,0.3599566180058374,0.3171211558238334,0.3608134072118588,0.0,-2.220446049250313e-16,0.0,0.0,0.0,0.0,0.2228811812946719,0.215131176593035,0.2292740744199797,0.0,0.0,0.0
K562,E0,20,200,0.0937766606287968,0.0847660951764009,0.108577838951376,0.1341927432805717,0.1174411591776594,0.135888599623693,0.3599566180058374,0.3171211558238334,0.3608134072118588,0.0,-2.220446049250313e-16,0.0,0.0,0.0,0.0,0.2228811812946719,0.215131176593035,0.2292740744199797,0.0,0.0,0.0
K562,E0,50,200,0.0937766606287968,0.0847660951764009,0.108577838951376,0.1341927432805717,0.1174411591776594,0.135888599623693,0.3599566180058374,0.3171211558238334,0.3608134072118588,0.0,-2.220446049250313e-16,0.0,0.0,0.0,0.0,0.2228811812946719,0.215131176593035,0.2292740744199797,0.0,0.0,0.0
K562,E0,100,200,0.0937766606287968,0.0847660951764009,0.108577838951376,0.1341927432805717,0.1174411591776594,0.135888599623693,0.3599566180058374,0.3171211558238334,0.3608134072118588,0.0,-2.220446049250313e-16,0.0,0.0,0.0,0.0,0.2228811812946719,0.215131176593035,0.2292740744199797,0.0,0.0,0.0
K562,E0,200,200,0.0937766606287968,0.0847660951764009,0.108577838951376,0.1341927432805717,0.1174411591776594,0.135888599623693,0.3599566180058374,0.3171211558238334,0.3608134072118588,0.0,-2.220446049250313e-16,0.0,0.0,0.0,0.0,0.2228811812946719,0.215131176593035,0.2292740744199797,0.0,0.0,0.0
K562,E0,743,5,0.0937766606287968,0.08538090893624718,0.1077836276760465,0.1341927432805717,0.11823470606764885,0.13574477904538326,0.3599566180058374,0.3187400771860281,0.3607616846080873,0.0,-1.9984014443252818e-16,0.0,0.0,0.0,0.0,0.2228811812946719,0.21566884497009914,0.22896864968794586,0.0,0.0,0.0
K562,E0s,0,5,0.2469992805005144,0.24245183368999482,0.25860646543738375,0.2928911554987747,0.2890744391651005,0.29952897903274084,0.7844867592966563,0.7787431052688313,0.7959648664370992,0.0,0.0,1.9984014443252816e-16,0.18988471172833,0.18284307941605885,0.19382563945939707,0.2228811812946717,0.21566884497009872,0.22896864968794625,0.0,0.0,0.0
K562,E0s,1,200,0.2469992805005144,0.2421884533677322,0.2591259140837451,0.2928911554987747,0.2887290400648963,0.2999701437853116,0.7844867592966563,0.7786432028329187,0.7964851351822918,0.0,0.0,2.220446049250313e-16,0.18988471172833,0.1824774354340673,0.1940809756408266,0.2228811812946717,0.2151311765930345,0.2292740744199801,0.0,0.0,0.0
K562,E0s,2,200,0.2469992805005144,0.2421884533677322,0.2591259140837451,0.2928911554987747,0.2887290400648963,0.2999701437853116,0.7844867592966563,0.7786432028329187,0.7964851351822918,0.0,0.0,2.220446049250313e-16,0.18988471172833,0.1824774354340673,0.1940809756408266,0.2228811812946717,0.2151311765930345,0.2292740744199801,0.0,0.0,0.0
K562,E0s,5,200,0.2469992805005144,0.2421884533677322,0.2591259140837451,0.2928911554987747,0.2887290400648963,0.2999701437853116,0.7844867592966563,0.7786432028329187,0.7964851351822918,0.0,0.0,2.220446049250313e-16,0.18988471172833,0.1824774354340673,0.1940809756408266,0.2228811812946717,0.2151311765930345,0.2292740744199801,0.0,0.0,0.0
K562,E0s,10,200,0.2469992805005144,0.2421884533677322,0.2591259140837451,0.2928911554987747,0.2887290400648963,0.2999701437853116,0.7844867592966563,0.7786432028329187,0.7964851351822918,0.0,0.0,2.220446049250313e-16,0.18988471172833,0.1824774354340673,0.1940809756408266,0.2228811812946717,0.2151311765930345,0.2292740744199801,0.0,0.0,0.0
K562,E0s,20,200,0.2469992805005144,0.2421884533677322,0.2591259140837451,0.2928911554987747,0.2887290400648963,0.2999701437853116,0.7844867592966563,0.7786432028329187,0.7964851351822918,0.0,0.0,2.220446049250313e-16,0.18988471172833,0.1824774354340673,0.1940809756408266,0.2228811812946717,0.2151311765930345,0.2292740744199801,0.0,0.0,0.0
K562,E0s,50,200,0.2469992805005144,0.2421884533677322,0.2591259140837451,0.2928911554987747,0.2887290400648963,0.2999701437853116,0.7844867592966563,0.7786432028329187,0.7964851351822918,0.0,0.0,2.220446049250313e-16,0.18988471172833,0.1824774354340673,0.1940809756408266,0.2228811812946717,0.2151311765930345,0.2292740744199801,0.0,0.0,0.0
K562,E0s,100,200,0.2469992805005144,0.2421884533677322,0.2591259140837451,0.2928911554987747,0.2887290400648963,0.2999701437853116,0.7844867592966563,0.7786432028329187,0.7964851351822918,0.0,0.0,2.220446049250313e-16,0.18988471172833,0.1824774354340673,0.1940809756408266,0.2228811812946717,0.2151311765930345,0.2292740744199801,0.0,0.0,0.0
K562,E0s,200,200,0.2469992805005144,0.2421884533677322,0.2591259140837451,0.2928911554987747,0.2887290400648963,0.2999701437853116,0.7844867592966563,0.7786432028329187,0.7964851351822918,0.0,0.0,2.220446049250313e-16,0.18988471172833,0.1824774354340673,0.1940809756408266,0.2228811812946717,0.2151311765930345,0.2292740744199801,0.0,0.0,0.0
K562,E0s,743,5,0.2469992805005144,0.24245183368999482,0.25860646543738375,0.2928911554987747,0.2890744391651005,0.29952897903274084,0.7844867592966563,0.7787431052688313,0.7959648664370992,0.0,0.0,1.9984014443252816e-16,0.18988471172833,0.18284307941605885,0.19382563945939707,0.2228811812946717,0.21566884497009872,0.22896864968794625,0.0,0.0,0.0
K562,E1,1,200,-1.0069726506120724,-5.147604003259969,-0.15256738558601463,0.2928911554987747,0.2887290400648963,0.2999701437853117,0.7844867592966563,0.7786432028329185,0.7964851351822918,0.0,-2.220446049250313e-16,2.220446049250313e-16,0.18988471172833,0.1824774354340673,0.1940809756408268,0.2228811812946717,0.2151311765930343,0.2292740744199802,0.0,0.0,0.0
K562,E1,2,200,-0.5040386724966996,-1.53305690440973,-0.09829233969381238,0.2928911554987747,0.2887290400648963,0.2999701437853117,0.7844867592966563,0.7786432028329185,0.7964851351822918,0.0,-2.220446049250313e-16,2.220446049250313e-16,0.1898847117283302,0.1824774354340673,0.1940809756408266,0.2228811812946717,0.2151311765930342,0.2292740744199802,0.0,0.0,0.0
K562,E1,5,200,0.0071689876471703,-0.2800149762940426,0.14001285743054415,0.2928911554987747,0.2887290400648963,0.2999701437853117,0.7844867592966563,0.7786432028329185,0.7964851351822918,0.0,-2.220446049250313e-16,2.220446049250313e-16,0.1898847117283302,0.1824774354340673,0.1940809756408266,0.2228811812946717,0.2151311765930343,0.2292740744199802,0.0,0.0,0.0
K562,E1,10,200,0.17663054238730314,0.06868315042576859,0.233835752946583,0.2928911554987747,0.2887290400648963,0.2999701437853117,0.7844867592966563,0.7786432028329187,0.7964851351822918,0.0,-2.220446049250313e-16,2.220446049250313e-16,0.18988471172833,0.1824774354340673,0.1940809756408266,0.2228811812946717,0.2151311765930343,0.2292740744199802,0.0,0.0,0.0
K562,E1,20,200,0.26644540548586393,0.22207754982192468,0.29305541078910696,0.2928911554987747,0.2887290400648963,0.2999701437853117,0.7844867592966563,0.7786432028329185,0.7964851351822918,0.0,-2.220446049250313e-16,2.220446049250313e-16,0.1898847117283302,0.1824774354340673,0.1940809756408266,0.2228811812946717,0.2151311765930343,0.2292740744199802,0.0,0.0,0.0
K562,E1,50,200,0.3199945254275539,0.30390833404043804,0.3321998055522382,0.2928911554987747,0.2887290400648963,0.2999701437853117,0.7844867592966563,0.7786432028329187,0.7964851351822918,0.0,-2.220446049250313e-16,2.220446049250313e-16,0.1898847117283302,0.1824774354340673,0.1940809756408266,0.2228811812946717,0.2151311765930343,0.2292740744199801,0.0,0.0,0.0
K562,E1,100,200,0.33821806050967007,0.32969541480107173,0.3485343355266203,0.2928911554987747,0.2887290400648963,0.2999701437853117,0.7844867592966563,0.7786432028329185,0.7964851351822918,0.0,-2.220446049250313e-16,2.220446049250313e-16,0.18988471172833,0.1824774354340673,0.1940809756408266,0.2228811812946717,0.2151311765930343,0.2292740744199801,0.0,0.0,0.0
K562,E1,200,200,0.3464249137210693,0.340461357678599,0.35669181698948127,0.2928911554987747,0.2887290400648963,0.2999701437853117,0.7844867592966563,0.7786432028329187,0.7964851351822918,0.0,-2.220446049250313e-16,2.220446049250313e-16,0.1898847117283302,0.1824774354340673,0.1940809756408266,0.2228811812946717,0.2151311765930343,0.2292740744199801,0.0,0.0,0.0
K562,E1,743,5,0.3534960838808613,0.3494511160921396,0.3614635097945674,0.2928911554987748,0.2890744391651005,0.29952897903274084,0.7844867592966563,0.7787431052688313,0.7959648664370993,0.0,0.0,0.0,0.18988471172833,0.18284307941605885,0.1938256394593971,0.2228811812946717,0.21566884497009856,0.22896864968794617,0.0,0.0,0.0
K562,E2,1,200,-1.0069726506120724,-5.147604003259969,-0.1525673855860146,0.2928911554987747,0.2887290400648963,0.2999701437853117,0.7844867592966563,0.7786432028329185,0.7964851351822918,0.0,-2.220446049250313e-16,2.220446049250313e-16,0.1898847117283301,0.1824774354340673,0.1940809756408268,0.2228811812946717,0.2151311765930343,0.2292740744199802,0.0,0.0,0.0
K562,E2,2,200,-0.5520156971129763,-1.7267960845179382,-0.13991073621779299,0.25778071994759955,-0.011395878502002682,0.30190528516632187,0.6918321731664967,-0.030516812824268314,0.8016233510227122,0.0,-2.220446049250313e-16,2.220446049250313e-16,0.15033062713098655,-0.16829744274822558,0.19423884836127897,0.22288118129467155,-0.21532492671057538,0.2292740744199804,0.0,0.0,0.0
K562,E2,5,200,-0.024919458230902553,-0.3300185359717435,0.11867754990447182,0.27772280019641066,0.09322192474810992,0.3021253746145364,0.7453886403431228,0.24783303158446265,0.8022077357608108,0.0,-2.220446049250313e-16,2.220446049250313e-16,0.17349560210466264,-0.03338827058356186,0.19592578855519974,0.22288118129467166,0.2151311765930343,0.2292740744199805,0.0,0.0,0.0
K562,E2,10,200,0.16445138019662175,0.07030613904063084,0.2233940254720739,0.2871017150847277,0.2217534304843531,0.3026649421298057,0.7686336135175525,0.593857729880602,0.8036404033587122,0.0,-2.220446049250313e-16,2.220446049250313e-16,0.1828534194935164,0.107861638376433,0.1954921093069681,0.2228811812946717,0.2151311765930342,0.2292740744199805,0.0,0.0,0.0
K562,E2,20,200,0.26209583269629194,0.21605316993509446,0.28857349656878484,0.2916855301109138,0.2481428619825761,0.3021317099311817,0.7822004636961519,0.665412110131687,0.8022245573866928,0.0,-2.220446049250313e-16,2.220446049250313e-16,0.185918410833288,0.1401457705128197,0.19636889626160373,0.22288118129467174,0.2151311765930341,0.2292740744199806,0.0,0.0,0.0
K562,E2,50,200,0.32005823152021573,0.30019313255973595,0.3340512401994384,0.2946920999405069,0.2798994851566513,0.3028793126441637,0.7849962700461828,0.7540445643947428,0.8042096030995702,0.0,-2.220446049250313e-16,2.220446049250313e-16,0.1895739317666662,0.17153977507863355,0.19621554430633342,0.2228811812946717,0.2151311765930342,0.2292740744199805,0.0,0.0,0.0
K562,E2,100,200,0.3396099754411609,0.3274669933716738,0.3509725453983483,0.29502542021453265,0.2859783286029348,0.30290712067120407,0.7904902991776881,0.7686460484496321,0.804283439381731,0.0,-2.220446049250313e-16,2.220446049250313e-16,0.19113769949635478,0.1799660227552667,0.1963427987801411,0.2228811812946717,0.2151311765930343,0.2292740744199806,0.0,0.0,0.0
K562,E2,200,200,0.34815475816369923,0.3403421604347386,0.35862728379396985,0.295020446962406,0.28909742486802836,0.30294208791812055,0.7896142035844358,0.7752454730100784,0.8043762849297442,0.0,-2.220446049250313e-16,2.220446049250313e-16,0.1922399620447822,0.18245062215622257,0.1963857386582396,0.2228811812946717,0.2151311765930341,0.2292740744199806,0.0,0.0,0.0
K562,E2,743,5,0.3554183484154399,0.3512612845308991,0.36368158786796123,0.2950561926312381,0.29109749476330876,0.30203858658044686,0.7911545346383282,0.7844556930485024,0.8026337587801766,0.0,0.0,0.0,0.1927996684789208,0.18570491262299713,0.19608405155692146,0.2228811812946719,0.21566884497009814,0.2289686496879464,0.0,0.0,0.0
K562,E3,1,200,-1.0069726516594186,-5.147604066511553,-0.15256738552214402,0.2928911553009206,0.2887290390906398,0.29997014554107493,0.78448675934702,0.7786432024206761,0.7964851370567871,-1.9903523273967494e-11,-3.2329612764669944e-09,4.655178820200945e-09,0.18988471172808125,0.18247743474551484,0.19408097701197988,0.22288118127195894,0.21513117458814945,0.2292740755319669,0.0002841173051564,-0.008757275836311433,0.008917739741432852
K562,E3,2,200,-0.4905748456254835,-1.5319081247769277,-0.0962926088067798,0.2941215575464595,0.2856429140207551,0.3036462755325976,0.7854457995279784,0.7778035819432719,0.7988261716787034,-0.0005115640166203,-0.007382593806758885,0.008225397498748824,0.1892283282408575,0.17842779542912304,0.19749826145885274,0.22224569247016185,0.21341377047276544,0.23151045548587793,0.009416165428274951,-0.001957322267343415,0.02675087313431967
K562,E3,5,200,0.009425604802858902,-0.2825237121686179,0.1396449771920644,0.29369786305115825,0.2604104900964498,0.3090808402826272,0.7906968673257431,0.7719675847643763,0.809174245915142,0.00095863515684795,-0.05118992896837682,0.015081553740925931,0.18902831367971834,0.14809910178912306,0.20634622250020065,0.22073116237205964,0.2051949212383498,0.23140517138347497,0.0241324376503673,0.007337030272984906,0.04191080242990392
K562,E3,10,200,0.1877002125510132,0.10487997017517629,0.2451665062111576,0.30347688948413176,0.28735825871548215,0.32314520781016803,0.7929926604774324,0.7764374017560011,0.8132561812207683,0.0097735804231504,-0.0063423861782797245,0.033368273699592374,0.1990271234197578,0.18045982115403555,0.22199293504522158,0.22640548565016025,0.21546332016264685,0.24305851666130113,0.03881104531134695,0.019065808029798417,0.057757704021406
K562,E3,20,200,0.28569993476633637,0.23330530251899503,0.3098013254744891,0.3147944441312681,0.2941105249181477,0.3270729424347821,0.7956486509214176,0.7795633052622123,0.8138221237978795,0.02699359889325805,0.004271948173738424,0.03937231406488751,0.2122925477006497,0.18791572366781828,0.2278045824973697,0.2307495152456906,0.2170246994251624,0.2456663633679102,0.05375214980923895,0.034568250727640706,0.07014233269220348
K562,E3,50,200,0.34428386960496415,0.32488020982140636,0.3658778068414878,0.3198431656322652,0.30729439148725923,0.3406952813584777,0.8019255275123351,0.7866313625295368,0.8386780727202321,0.032898523466458496,0.013259763444184615,0.0466542030603252,0.2195962148410325,0.20651897344746248,0.2387602089827854,0.2322756492567242,0.21976500229365714,0.2479159762770685,0.07332910375764284,0.05979376999963096,0.08358756913282199
K562,E3,100,200,0.38869193044339634,0.37471514685324353,0.40576361569852765,0.35034853104169905,0.33474843260066195,0.36504295093547856,0.8250217277600785,0.8052137958194321,0.841668149128478,0.0668498727753287,0.05262149413709891,0.08236367757993081,0.25389625015365175,0.23861420222790578,0.2664666128121594,0.24126449136842415,0.22850436943782018,0.2548784858781006,0.08347541597251709,0.07480492498317258,0.09178628730107348
K562,E3,200,200,0.41128239506808595,0.3990049969062155,0.4255864607162558,0.36500354224743625,0.3538034963461262,0.37770226541777446,0.826216547778285,0.8129999421288016,0.8397545229159707,0.09011933814770345,0.07964380902989388,0.09912742103959334,0.27146521660816875,0.2585217807314955,0.28080086709537955,0.2492027056247079,0.2354465678010926,0.2604798885622668,0.09573485354492806,0.08633073471723389,0.10485939445245086
K562,E3,743,5,0.4391938272120026,0.4343375739935001,0.44917106977810867,0.3893294057829087,0.3838097711648001,0.39762635829240345,0.8471118533028473,0.8384980610981301,0.8564880787253372,0.1176670651150793,0.11349182050379805,0.12076964726350266,0.3009950311795291,0.29500535927296195,0.3033429266991144,0.2563532418582796,0.24303564872324182,0.2581180560943726,0.1087112164494918,0.10529780467191845,0.11122790290790434
K562,E4,1,200,-1.0069726506120724,-5.147604003259969,-0.1525673855860146,0.2928911554987747,0.2887290400648963,0.2999701437853117,0.7844867592966563,0.7786432028329185,0.7964851351822918,0.0,-2.220446049250313e-16,2.220446049250313e-16,0.1898847117283301,0.1824774354340673,0.1940809756408268,0.2228811812946717,0.2151311765930343,0.2292740744199802,0.0,0.0,0.0
K562,E4,2,200,-0.5516242793199396,-1.7253931540853416,-0.1398572053026966,0.257878260691849,-0.011398387967565671,0.30198413680754294,0.6917993048991702,-0.030553513444673167,0.8016637163060006,9.993029724083019e-05,-3.052872106514281e-05,0.0017459093378575032,0.15044018742352883,-0.16830252421341663,0.19461879464218837,0.22288122093481885,-0.21601470312311763,0.22974799677256066,0.0104720718110643,-0.007749975845348727,0.05075598399018411
K562,E4,5,200,-0.026761104866937002,-0.32846565671418937,0.12252002841133329,0.2632833230799503,0.09319698610685236,0.30506190073375467,0.7527788817194271,0.2478583197920825,0.813229268257955,0.00014211263254549999,-0.20498938604976363,0.030477576205761723,0.15539480454361804,-0.0478276565053061,0.19968296502663327,0.2184939802504248,0.16121512372736296,0.23079984854683597,0.027514955567095253,0.0029394976122855574,0.05852133463242204
K562,E4,10,200,0.17607237142591395,0.09136517237289088,0.2534870456152987,0.2942595325619178,0.22142109517869052,0.3482496950395009,0.7731337114885211,0.5918424378028097,0.8135179336058064,0.008954064553105951,-0.02030784115186792,0.07264444136564835,0.19003893240796427,0.10824196508400745,0.2515716104485361,0.22505390601472275,0.18571192610377743,0.24632659358019632,0.0455852910153345,0.011957860597656586,0.08162066717219399
K562,E4,20,200,0.29138765790210763,0.22916000921016894,0.35145743939058527,0.31677932149750987,0.26495516003015745,0.37461386825766574,0.7918069909520982,0.6699782829813682,0.8220922013772565,0.03612011808482405,-0.002642083667801317,0.11139005950357847,0.21463143760656378,0.15598922786618577,0.28120797795089236,0.23075036399067164,0.1991768468453633,0.25057001361149,0.0690641518983823,0.03042032064379437,0.10181505108048658
K562,E4,50,200,0.4004313554480169,0.3279052978336717,0.43702528065605595,0.383669001928518,0.30859385607810375,0.4209619733319681,0.8121815162562087,0.7712228907026851,0.8384489652667515,0.12780787829814189,0.03402206442223232,0.17735132282653387,0.2940929029576549,0.20904973670431837,0.33300864914083833,0.24553082456272096,0.22671181191494919,0.2642178541860716,0.1011424741234345,0.07124061187849241,0.1218367165756568
K562,E4,100,200,0.45850801547360054,0.4154954113314107,0.4864145327666224,0.4308601816905254,0.3883159922123464,0.45706893655104525,0.8312047935184956,0.7970069262169884,0.8521978576455814,0.19273870114432995,0.1433559760278269,0.22771594531071124,0.3479193426154511,0.30691985679084505,0.37602288843153214,0.2555385040765694,0.23897547779160763,0.27184865838692124,0.12195629001485869,0.10619796978088486,0.13729128500246773
K562,E4,200,200,0.5089790524341512,0.4857443649551376,0.5327674151553422,0.4785789996169953,0.4554368637972338,0.502337673103325,0.8453095849730216,0.8282291402744509,0.8604035607512692,0.25977585405184755,0.22705965819906918,0.28844974978777665,0.40038069129050186,0.3733136166489913,0.42407619355565623,0.2672977536539437,0.25485497149597086,0.28171026734557436,0.13982974251941277,0.12669229282129063,0.15452894198794867
K562,E4,743,5,0.5842165427710956,0.5752335777608863,0.5927965285947561,0.5570258483666277,0.5493149553953928,0.5665492144511606,0.8646582700032617,0.8572974543246477,0.8726894993927999,0.3714387081671888,0.3658285701360336,0.3822212380523114,0.4901257097058002,0.48826933929504274,0.49848521866065565,0.2880706512555273,0.27899371773128895,0.29074693588728395,0.1669723498455254,0.16450071984119585,0.17694833880308122
RPE1,E0,0,5,0.2761132572131836,0.2751865809608459,0.2790905612107764,0.2333335220400441,0.23278404963542138,0.23710931744271085,0.8304775480757131,0.8291293337483807,0.8312815177630827,0.0,0.0,0.0,0.0,0.0,0.0,0.3129784828142161,0.3119200830990447,0.31652301057249627,0.0,0.0,0.0
RPE1,E0,1,200,0.2761132572131836,0.2751172803019542,0.2792648263144189,0.2333335220400441,0.2327358664017434,0.2373153674047216,0.8304775480757131,0.8290946667587614,0.8313429274310865,0.0,0.0,0.0,0.0,0.0,0.0,0.3129784828142161,0.311911592343731,0.3168502340621026,0.0,0.0,0.0
RPE1,E0,2,200,0.2761132572131836,0.2751172803019542,0.2792648263144189,0.2333335220400441,0.2327358664017434,0.2373153674047216,0.8304775480757131,0.8290946667587614,0.8313429274310865,0.0,0.0,0.0,0.0,0.0,0.0,0.3129784828142161,0.311911592343731,0.3168502340621026,0.0,0.0,0.0
RPE1,E0,5,200,0.2761132572131836,0.2751172803019542,0.2792648263144189,0.2333335220400441,0.2327358664017434,0.2373153674047216,0.8304775480757131,0.8290946667587614,0.8313429274310865,0.0,0.0,0.0,0.0,0.0,0.0,0.3129784828142161,0.311911592343731,0.3168502340621026,0.0,0.0,0.0
RPE1,E0,10,200,0.2761132572131836,0.2751172803019542,0.2792648263144189,0.2333335220400441,0.2327358664017434,0.2373153674047216,0.8304775480757131,0.8290946667587614,0.8313429274310865,0.0,0.0,0.0,0.0,0.0,0.0,0.3129784828142161,0.311911592343731,0.3168502340621026,0.0,0.0,0.0
RPE1,E0,20,200,0.2761132572131836,0.2751172803019542,0.2792648263144189,0.2333335220400441,0.2327358664017434,0.2373153674047216,0.8304775480757131,0.8290946667587614,0.8313429274310865,0.0,0.0,0.0,0.0,0.0,0.0,0.3129784828142161,0.311911592343731,0.3168502340621026,0.0,0.0,0.0
RPE1,E0,50,200,0.2761132572131836,0.2751172803019542,0.2792648263144189,0.2333335220400441,0.2327358664017434,0.2373153674047216,0.8304775480757131,0.8290946667587614,0.8313429274310865,0.0,0.0,0.0,0.0,0.0,0.0,0.3129784828142161,0.311911592343731,0.3168502340621026,0.0,0.0,0.0
RPE1,E0,100,200,0.2761132572131836,0.2751172803019542,0.2792648263144189,0.2333335220400441,0.2327358664017434,0.2373153674047216,0.8304775480757131,0.8290946667587614,0.8313429274310865,0.0,0.0,0.0,0.0,0.0,0.0,0.3129784828142161,0.311911592343731,0.3168502340621026,0.0,0.0,0.0
RPE1,E0,200,200,0.2761132572131836,0.2751172803019542,0.2792648263144189,0.2333335220400441,0.2327358664017434,0.2373153674047216,0.8304775480757131,0.8290946667587614,0.8313429274310865,0.0,0.0,0.0,0.0,0.0,0.0,0.3129784828142161,0.311911592343731,0.3168502340621026,0.0,0.0,0.0
RPE1,E0,743,5,0.2761132572131836,0.2751865809608459,0.2790905612107764,0.2333335220400441,0.23278404963542138,0.23710931744271085,0.8304775480757131,0.8291293337483807,0.8312815177630827,0.0,0.0,0.0,0.0,0.0,0.0,0.3129784828142161,0.3119200830990447,0.31652301057249627,0.0,0.0,0.0
RPE1,E0s,0,5,0.2416326636469346,0.2401000300714363,0.24414157131399225,0.18184693435494,0.1796837153070033,0.18465504565128185,0.6427021402770252,0.6399529544624682,0.648124683730658,0.0,0.0,0.0,-0.0686555628791953,-0.0696336863751089,-0.067147765290329,0.3129784828142158,0.31192008309904445,0.31652301057249616,0.0,0.0,0.0
RPE1,E0s,1,200,0.2416326636469346,0.2400904445463079,0.24439045332163,0.18184693435494,0.1795595550274427,0.1849528246545805,0.6427021402770252,0.6396601939378345,0.648223370562026,0.0,0.0,0.0,-0.0686555628791953,-0.0696700520455408,-0.0669952401080073,0.3129784828142158,0.3119115923437308,0.3168502340621024,0.0,0.0,0.0
RPE1,E0s,2,200,0.2416326636469346,0.2400904445463079,0.24439045332163,0.18184693435494,0.1795595550274427,0.1849528246545805,0.6427021402770252,0.6396601939378345,0.648223370562026,0.0,0.0,0.0,-0.0686555628791953,-0.0696700520455408,-0.0669952401080073,0.3129784828142158,0.3119115923437308,0.3168502340621024,0.0,0.0,0.0
RPE1,E0s,5,200,0.2416326636469346,0.2400904445463079,0.24439045332163,0.18184693435494,0.1795595550274427,0.1849528246545805,0.6427021402770252,0.6396601939378345,0.648223370562026,0.0,0.0,0.0,-0.0686555628791953,-0.0696700520455408,-0.0669952401080073,0.3129784828142158,0.3119115923437308,0.3168502340621024,0.0,0.0,0.0
RPE1,E0s,10,200,0.2416326636469346,0.2400904445463079,0.24439045332163,0.18184693435494,0.1795595550274427,0.1849528246545805,0.6427021402770252,0.6396601939378345,0.648223370562026,0.0,0.0,0.0,-0.0686555628791953,-0.0696700520455408,-0.0669952401080073,0.3129784828142158,0.3119115923437308,0.3168502340621024,0.0,0.0,0.0
RPE1,E0s,20,200,0.2416326636469346,0.2400904445463079,0.24439045332163,0.18184693435494,0.1795595550274427,0.1849528246545805,0.6427021402770252,0.6396601939378345,0.648223370562026,0.0,0.0,0.0,-0.0686555628791953,-0.0696700520455408,-0.0669952401080073,0.3129784828142158,0.3119115923437308,0.3168502340621024,0.0,0.0,0.0
RPE1,E0s,50,200,0.2416326636469346,0.2400904445463079,0.24439045332163,0.18184693435494,0.1795595550274427,0.1849528246545805,0.6427021402770252,0.6396601939378345,0.648223370562026,0.0,0.0,0.0,-0.0686555628791953,-0.0696700520455408,-0.0669952401080073,0.3129784828142158,0.3119115923437308,0.3168502340621024,0.0,0.0,0.0
RPE1,E0s,100,200,0.2416326636469346,0.2400904445463079,0.24439045332163,0.18184693435494,0.1795595550274427,0.1849528246545805,0.6427021402770252,0.6396601939378345,0.648223370562026,0.0,0.0,0.0,-0.0686555628791953,-0.0696700520455408,-0.0669952401080073,0.3129784828142158,0.3119115923437308,0.3168502340621024,0.0,0.0,0.0
RPE1,E0s,200,200,0.2416326636469346,0.2400904445463079,0.24439045332163,0.18184693435494,0.1795595550274427,0.1849528246545805,0.6427021402770252,0.6396601939378345,0.648223370562026,0.0,0.0,0.0,-0.0686555628791953,-0.0696700520455408,-0.0669952401080073,0.3129784828142158,0.3119115923437308,0.3168502340621024,0.0,0.0,0.0
RPE1,E0s,743,5,0.2416326636469346,0.2401000300714363,0.24414157131399225,0.18184693435494,0.1796837153070033,0.18465504565128185,0.6427021402770252,0.6399529544624682,0.648124683730658,0.0,0.0,0.0,-0.0686555628791953,-0.0696336863751089,-0.067147765290329,0.3129784828142158,0.31192008309904445,0.31652301057249616,0.0,0.0,0.0
RPE1,E1,1,200,-0.22608219140753055,-2.4804395225669094,0.17121356553857234,0.18184693435494,0.1795595550274427,0.1849528246545805,0.6427021402770253,0.6396601939378345,0.648223370562026,0.0,-2.220446049250313e-16,1.1102230246251563e-16,-0.0686555628791953,-0.0696700520455408,-0.0669952401080071,0.3129784828142158,0.3119115923437306,0.3168502340621025,0.0,0.0,0.0
RPE1,E1,2,200,0.07089401270461371,-0.9919218893133837,0.273202619777307,0.18184693435494,0.1795595550274427,0.1849528246545805,0.6427021402770253,0.6396601939378345,0.648223370562026,0.0,-2.220446049250313e-16,1.1102230246251563e-16,-0.0686555628791953,-0.0696700520455408,-0.0669952401080071,0.3129784828142159,0.3119115923437306,0.3168502340621025,0.0,0.0,0.0
RPE1,E1,5,200,0.3043971859346605,-0.036789898131330094,0.37462173617789113,0.18184693435494,0.1795595550274427,0.1849528246545805,0.6427021402770253,0.6396601939378344,0.648223370562026,0.0,-2.220446049250313e-16,1.1102230246251563e-16,-0.0686555628791953,-0.0696700520455408,-0.0669952401080071,0.3129784828142159,0.3119115923437306,0.3168502340621025,0.0,0.0,0.0
RPE1,E1,10,200,0.38363563471522244,0.23087105829774257,0.4233673977213283,0.18184693435494,0.1795595550274427,0.1849528246545805,0.6427021402770252,0.6396601939378345,0.648223370562026,0.0,-2.220446049250313e-16,1.1102230246251563e-16,-0.0686555628791953,-0.0696700520455408,-0.0669952401080071,0.3129784828142159,0.3119115923437306,0.3168502340621025,0.0,0.0,0.0
RPE1,E1,20,200,0.42535902834873945,0.3622624166018174,0.450505293095588,0.18184693435494,0.1795595550274427,0.1849528246545805,0.6427021402770252,0.6396601939378345,0.648223370562026,0.0,-2.220446049250313e-16,1.1102230246251563e-16,-0.0686555628791953,-0.0696700520455408,-0.0669952401080071,0.3129784828142159,0.3119115923437306,0.3168502340621025,0.0,0.0,0.0
RPE1,E1,50,200,0.45441361291589394,0.4298304804564693,0.46723838012517577,0.18184693435494,0.1795595550274427,0.1849528246545805,0.6427021402770252,0.6396601939378344,0.648223370562026,0.0,-2.220446049250313e-16,1.1102230246251563e-16,-0.0686555628791953,-0.0696700520455408,-0.0669952401080071,0.3129784828142159,0.3119115923437306,0.3168502340621025,0.0,0.0,0.0
RPE1,E1,100,200,0.46192304888338176,0.44648497090946426,0.4739096396491202,0.18184693435494,0.1795595550274427,0.1849528246545805,0.6427021402770253,0.6396601939378345,0.648223370562026,0.0,-2.220446049250313e-16,1.1102230246251563e-16,-0.0686555628791953,-0.0696700520455408,-0.0669952401080073,0.3129784828142159,0.3119115923437306,0.3168502340621025,0.0,0.0,0.0
RPE1,E1,200,200,0.46861840109892205,0.454038144702382,0.47746137356943924,0.18184693435494,0.1795595550274427,0.1849528246545805,0.6427021402770253,0.6396601939378344,0.648223370562026,0.0,-2.220446049250313e-16,1.1102230246251563e-16,-0.0686555628791953,-0.0696700520455408,-0.0669952401080071,0.3129784828142159,0.3119115923437306,0.3168502340621026,0.0,0.0,0.0
RPE1,E1,743,5,0.4729556384169556,0.4622653295593515,0.47873656094908096,0.18184693435494,0.17968371530700328,0.18465504565128185,0.6427021402770254,0.6399529544624682,0.648124683730658,0.0,0.0,9.992007221626405e-17,-0.0686555628791953,-0.0696336863751089,-0.067147765290329,0.3129784828142161,0.3119200830990443,0.31652301057249627,0.0,0.0,0.0
RPE1,E2,1,200,-0.22608219140753033,-2.4804395225669094,0.17121356553857234,0.18184693435494,0.1795595550274427,0.1849528246545805,0.6427021402770252,0.6396601939378345,0.648223370562026,0.0,-2.220446049250313e-16,1.1102230246251563e-16,-0.0686555628791953,-0.0696700520455408,-0.0669952401080071,0.3129784828142158,0.3119115923437306,0.3168502340621025,0.0,0.0,0.0
RPE1,E2,2,200,0.03136170579675375,-0.7832693077647933,0.2533669065347182,0.18568193545522782,-0.12885210979963543,0.23392324866888203,0.6579582315827794,-0.4588022620546701,0.8305364681052335,0.0,-2.220446049250313e-16,1.1102230246251563e-16,-0.06295358993058295,-0.4713954538691243,-0.00014285614548252898,0.31297848281421586,-0.3129934707230118,0.3168502340621033,0.0,0.0,0.0
RPE1,E2,5,200,0.3292576666434247,0.041625565036392656,0.40091439624358893,0.22614189880825536,0.11849722020963131,0.2367467787148376,0.7994320634161118,0.417176068608433,0.8306539503322493,0.0,-2.220446049250313e-16,1.1102230246251563e-16,-0.0111135083212994,-0.15476565738075432,7.095923135827803e-05,0.312978482814216,0.3119115923437305,0.3168502340621034,0.0,0.0,0.0
RPE1,E2,10,200,0.4138007462150724,0.29630603738794536,0.4501529214447536,0.23083267623305348,0.18546728879997434,0.23708227621660416,0.8170206580713499,0.6499193714394553,0.8309239415312353,0.0,-2.220446049250313e-16,1.1102230246251563e-16,-0.004815160009701,-0.06763128935095232,9.519897812422516e-05,0.312978482814216,0.3119115923437306,0.3168502340621034,0.0,0.0,0.0
RPE1,E2,20,200,0.4586471968105499,0.39929201541517323,0.4810489956365513,0.23238854484416244,0.21813869206101624,0.23740583048128222,0.8247678203693383,0.7700282580542321,0.8316598417034795,0.0,-2.220446049250313e-16,1.1102230246251563e-16,-0.0019143421904184,-0.02163671116746038,0.00018857064120049756,0.31297848281421603,0.3119115923437304,0.3168502340621035,0.0,0.0,0.0
RPE1,E2,50,200,0.4873646626789806,0.4660896321372223,0.4980404975888297,0.2330948589297439,0.2260689870794259,0.23744648611410377,0.8277872423488768,0.8052169215042763,0.83171292944158,0.0,-2.220446049250313e-16,1.1102230246251563e-16,-0.0009922592611719,-0.009326817280648237,0.00020103478561978258,0.312978482814216,0.3119115923437305,0.3168502340621034,0.0,0.0,0.0
RPE1,E2,100,200,0.4955339131494272,0.48025739953446556,0.5060234428431148,0.23319451126451862,0.22985544277314682,0.23747562407072478,0.8288850910741082,0.8166864188913985,0.8317333422491702,0.0,-2.220446049250313e-16,1.1102230246251563e-16,-0.00037838657191464995,-0.005358161152807239,0.0002144811873349025,0.3129784828142158,0.3119115923437305,0.3168502340621034,0.0,0.0,0.0
RPE1,E2,200,200,0.501797083633281,0.4885178810253917,0.5096082354928543,0.23336515257349866,0.23193063287577856,0.23742414166509393,0.8295794607150533,0.8255379512848867,0.83194615932383,0.0,-2.220446049250313e-16,1.1102230246251563e-16,-0.0001043149510068,-0.0015141843056867676,0.00022069551819654,0.312978482814216,0.3119115923437304,0.3168502340621031,0.0,0.0,0.0
RPE1,E2,743,5,0.5063377965506106,0.4964130052456801,0.511149355357982,0.2333992702666374,0.23268379738531209,0.23721827875317258,0.8307484842915385,0.82873688178171,0.8318270590219549,0.0,-1.9984014443252818e-16,9.992007221626405e-17,8.575857753456706e-05,-0.00015140528458699223,0.00020915410779722,0.3129784828142157,0.3119200830990447,0.31652301057249665,0.0,0.0,0.0
RPE1,E3,1,200,-0.22608219195141877,-2.48043940938871,0.17121356527541318,0.18184693471360758,0.17955955407732557,0.18495282630552762,0.6427021403780933,0.639660192670757,0.648223373434529,5.399325431199031e-11,-9.534715839087938e-09,1.2511166952444717e-08,-0.0686555631981089,-0.06967005522652123,-0.06699523595796862,0.31297848364623565,0.31191158747991043,0.31685023995741896,0.00151919858476095,-0.03798861601879237,0.03735913824942328
RPE1,E3,2,200,0.08625280944800806,-0.9718054989042733,0.2712218143702708,0.18374339454206945,0.1731931757411292,0.19876780859761775,0.648007420223951,0.6308151535579719,0.6713577275078455,0.0010027827024717,-0.009501698833562907,0.014395849974384116,-0.0663018881862312,-0.08257136256309179,-0.04691238804039849,0.31308673997461756,0.2932506382597561,0.33430775849414407,0.02335615947035155,-0.0379674196999236,0.09582488570906351
RPE1,E3,5,200,0.32598618327358764,0.0669183708857214,0.39422211115051936,0.20653379342572264,0.0008253573497783397,0.24063404494037052,0.7045548208653408,0.6397251584439834,0.8358541756930318,0.009494050777933551,-0.3169012528705416,0.04332295312324685,-0.035990903213908354,-0.3034423841597336,0.007915647111892108,0.3213957597212612,0.2571956143861298,0.35065125237922534,0.09126320538859894,0.0005592453600332183,0.14065636911182058
RPE1,E3,10,200,0.40637564707402396,0.2900869100969475,0.4514732083928825,0.22291393667560438,0.14588099604102372,0.24325428134481294,0.7160775387768661,0.6431569064236052,0.8457470389895619,0.031223775200842054,-0.12635991617253678,0.04919992839883613,-0.0144884611725126,-0.11694318147262872,0.011995652927417187,0.3427317646668062,0.29273230963484914,0.3646767104288927,0.12891831260216113,0.042542120298965584,0.1570519500249673
RPE1,E3,20,200,0.4575286642829129,0.3981549474703543,0.49276446092309034,0.22962626812088266,0.20878826893435948,0.26508697526699676,0.7224807193263599,0.6856811787428365,0.8513467967271747,0.03175139342165255,-0.028398891309886952,0.04724669848372612,-0.00591785639936685,-0.034648209538525154,0.04099332128206031,0.34751899530581176,0.31420044377281053,0.3682404570579557,0.157428773518748,0.11421267757154427,0.18287143512451373
RPE1,E3,50,200,0.5235492928028889,0.49684429670178076,0.5402971866785657,0.2906147380683649,0.2555413543765352,0.3036273726553293,0.8326521942734684,0.7926155010600376,0.8547314529897729,0.0771205686718007,0.04267940613853123,0.09220119331571305,0.07372654734435785,0.029723125291729924,0.09060355230848863,0.3712606818758727,0.34836914577269623,0.3847038540741129,0.1971130725650815,0.1608076341885757,0.2169218876756531
RPE1,E3,100,200,0.5451459993001105,0.5276244668725592,0.5575539845922983,0.3112441627007982,0.2972133360667485,0.32102448284295304,0.8346276738702361,0.8068248686778803,0.8513292207486463,0.10473585133692286,0.09224477680954773,0.11421053611227565,0.10013357762733925,0.08028888993043953,0.11195489190726668,0.390432299843254,0.3762509573942812,0.40100407262036625,0.22755247327632472,0.209531080061539,0.24401345806885918
RPE1,E3,200,200,0.5566770758870084,0.5442220375445785,0.5671165405715045,0.3215484657054022,0.3135877454385557,0.32911367928005,0.8374509980257697,0.8223769598174883,0.8538101322308194,0.11884223490510346,0.10992382835036525,0.12575728098363062,0.11374775058193959,0.10386585788829462,0.12157934779448569,0.402344238893912,0.3883702017033972,0.4107941058611397,0.2515715678953814,0.23266287978203412,0.2622245697766936
RPE1,E3,743,5,0.576938839125652,0.5673959809403886,0.5806784027872037,0.3445142006594318,0.3433258921306518,0.3492409731567141,0.8569896682504055,0.851390285181097,0.8618162655695398,0.1444822377333716,0.14367953123854044,0.1450921468925208,0.1449778898344695,0.14408180998343945,0.14698718340775757,0.4087976893686834,0.39791258613955127,0.41822255574743444,0.2669364266330983,0.2631142131715174,0.2722175206552676
RPE1,E4,1,200,-0.22608219140753033,-2.4804395225669094,0.17121356553857234,0.18184693435494,0.1795595550274427,0.1849528246545805,0.6427021402770252,0.6396601939378345,0.648223370562026,0.0,-2.220446049250313e-16,1.1102230246251563e-16,-0.0686555628791953,-0.0696700520455408,-0.0669952401080071,0.3129784828142158,0.3119115923437306,0.3168502340621025,0.0,0.0,0.0
RPE1,E4,2,200,0.0312804295656563,-0.7829370919314318,0.25352260455272835,0.1859717634343928,-0.12883862685142053,0.2340243693622166,0.6580241928156939,-0.4588314771417888,0.8306195337332878,0.00017717657097859998,-0.00028989398850428244,0.0018000964780723009,-0.06259878946146666,-0.4713897898803337,0.0001980686203088817,0.3133071051748356,-0.31414372116520095,0.31811465552560453,0.07222122033512535,-0.1458514987253886,0.2995951422491374
RPE1,E4,5,200,0.3523257633344885,0.062129716540755976,0.4463420850780806,0.24853210709412227,0.11869712411169088,0.3264723964130727,0.8016444396210387,0.39679228573661207,0.8435447981965868,0.041258547319287256,2.122254620558503e-06,0.12687965480202576,0.0188695018188751,-0.1493521361127247,0.12166502617918072,0.35233217534523775,0.3110095941811163,0.40895607576257753,0.18384088425087913,0.00786621535207414,0.27701472423618373
RPE1,E4,10,200,0.456498206164505,0.3058567363794881,0.5236097296940583,0.29527750732994074,0.20109938482244114,0.35664620204843944,0.8220531514226301,0.6494212978703731,0.8469237564430561,0.0954521695439932,0.0006792121365065201,0.170316306380444,0.0784871155327883,-0.04123284302491231,0.1614832260771259,0.37883889764830436,0.3131967517839567,0.44646529980953625,0.23141296518970114,0.06507872008840407,0.3121355508149241
RPE1,E4,20,200,0.532630979226558,0.4533951121666437,0.5671151722639379,0.34250633574718986,0.25308469667213257,0.37591992555146597,0.8353304831186019,0.7867478947194524,0.8530021993258992,0.14939974658285285,0.025468142845363945,0.19939811291908044,0.1408638368626982,0.024060818097593962,0.18610526948545292,0.4187669043537616,0.3344450849411911,0.4621501498526005,0.2898609042343795,0.21514425509397433,0.3423584712339983
RPE1,E4,50,200,0.5932650277820505,0.5592996884775239,0.6151258564277428,0.3976862327123895,0.3538623178214446,0.42635729422749385,0.8427880041066548,0.8010357966419526,0.8575546048356489,0.22523906342205804,0.16609578192277688,0.26148372869980957,0.21305201626169867,0.15728260655812254,0.2498491613730963,0.4582400443176541,0.4187683270971774,0.4834107181700384,0.35237669285078077,0.30682487994527385,0.3942553487027713
RPE1,E4,100,200,0.6276857216434797,0.6002790005898481,0.6406092376450722,0.4391930768320311,0.4093682359780377,0.4579551466751931,0.8456317904569493,0.8176635909985265,0.8627590819604395,0.280879975429036,0.23834773637939186,0.30517814363933615,0.2680366409361586,0.22845465135690304,0.2925515309990459,0.4847627890085823,0.4664434974301559,0.5032240025270122,0.3935233538858405,0.35643909343234403,0.41800715097828267
RPE1,E4,200,200,0.6536814057150833,0.6361182759382953,0.6661011399360907,0.47519648375083345,0.4595892233626603,0.48984586152677456,0.851011353889479,0.8324182028599721,0.8666052295408612,0.3273970405258517,0.30463420017134435,0.34545381698355204,0.3145254803899339,0.2947323317612654,0.3329251865137762,0.5049597802845317,0.48626001548139436,0.52198908788162,0.42071866387270795,0.39820936344501745,0.44323704927363194
RPE1,E4,743,5,0.6933240897285453,0.6893729660438896,0.6984714532925175,0.5383448165420217,0.5359549133607843,0.5435112141857504,0.8642154777886968,0.8630788731866232,0.867381188585174,0.4117348356475219,0.4062513013004565,0.4142729391529486,0.397931873625039,0.39340152884932655,0.4017845371760841,0.5344745322846465,0.5230655508336016,0.5475641871484214,0.4679211527235419,0.45674384301975524,0.4718527553811805
